label,index,nr_pix,rows_with_1,cols_with_1,rows_with_3p,cols_with_3p,aspect_ratio,neigh_1,no_neigh_above,no_neigh_below,no_neigh_left,no_neigh_right,no_neigh_horiz,no_neigh_vert,connected_areas,eyes,diagonalness
a,000,50,0,1,10,9,1.1666666666666667,0,8,10,11,10,6,9,1,1,0
a,001,39,0,3,7,6,1.25,1,8,11,13,15,23,17,1,1,5
a,002,47,0,0,9,9,0.8181818181818182,1,15,15,10,10,4,15,1,1,0
a,003,49,1,0,9,8,1.0,0,12,13,11,16,13,14,1,1,0
a,004,62,0,0,12,10,0.8461538461538461,0,7,8,11,14,1,1,1,1,0
a,005,30,0,1,9,4,1.0,0,3,5,9,8,7,7,1,1,1
a,006,24,1,1,5,3,1.4285714285714286,1,9,9,3,5,6,13,1,1,1
a,007,38,0,1,8,7,1.0,0,6,7,9,11,8,5,1,1,0
a,008,60,0,0,9,12,0.75,1,9,12,18,22,20,6,1,1,0
a,009,46,1,0,9,8,1.0,0,8,9,10,12,11,8,1,1,0
a,010,42,2,0,7,7,0.8333333333333334,1,10,9,13,14,11,9,1,1,0
a,011,37,0,2,7,6,1.0,0,6,7,10,12,10,8,1,1,0
a,012,22,1,1,3,6,1.0,1,9,11,3,5,7,14,1,1,0
a,013,35,0,3,7,4,1.2222222222222223,1,10,12,10,10,8,12,1,1,0
a,014,34,0,1,8,6,1.125,0,6,6,7,7,4,6,1,1,0
a,015,34,1,0,8,5,1.2,0,7,9,9,8,12,11,1,1,1
a,016,47,4,1,6,11,0.9230769230769231,1,21,21,6,12,10,25,1,1,0
a,017,21,0,1,3,3,1.0,0,4,6,6,7,8,8,1,1,1
a,018,59,2,3,8,10,1.0,2,20,21,10,13,11,17,1,1,0
a,019,31,0,4,9,3,1.3333333333333333,0,6,8,9,8,10,13,1,1,4
a,020,33,0,1,6,7,1.1111111111111112,0,7,10,7,9,8,9,1,1,0
a,021,36,1,0,3,3,0.9230769230769231,1,11,12,11,13,20,20,1,1,4
a,022,24,0,2,3,2,1.0,1,5,7,9,9,12,12,1,1,2
a,023,34,1,1,6,4,0.9,0,7,7,10,11,11,7,1,1,0
a,024,46,0,2,12,7,0.9230769230769231,1,7,9,17,16,14,9,1,1,0
a,025,31,0,1,4,5,0.75,0,3,6,11,11,15,6,1,1,1
a,026,33,1,0,8,6,0.7272727272727273,1,3,6,14,12,13,6,1,1,1
a,027,53,0,1,10,9,1.0769230769230769,0,12,13,14,14,12,12,1,1,0
a,028,44,0,0,6,8,0.8333333333333334,0,9,8,12,16,14,8,1,1,0
a,029,48,0,0,11,7,1.0,0,10,8,12,12,10,8,1,2,0
a,030,45,0,2,10,7,1.2727272727272727,1,8,10,9,8,7,11,1,1,2
a,031,26,2,0,7,3,1.0,2,5,4,8,10,15,7,1,1,2
a,032,31,1,0,7,2,1.3,0,7,9,6,7,13,15,1,1,3
a,033,27,0,1,7,5,1.125,0,5,5,8,8,8,7,1,1,0
a,034,88,0,0,13,12,0.8,0,12,13,16,18,0,0,1,1,0
a,035,35,0,2,7,6,1.1,0,9,8,11,13,14,10,1,1,1
a,036,40,0,0,8,8,1.0833333333333333,1,9,9,9,10,15,15,1,1,2
a,037,35,0,1,8,4,1.0,0,8,8,10,12,8,7,1,1,0
a,038,44,3,1,7,6,0.7857142857142857,0,11,10,13,16,13,11,1,1,0
a,039,47,0,0,9,8,0.9166666666666666,0,11,9,8,12,6,9,1,1,0
a,040,28,0,2,6,5,1.5714285714285714,1,6,8,4,4,6,10,1,1,1
a,041,36,0,1,7,8,1.125,0,9,12,6,5,3,11,1,1,0
a,042,41,6,0,6,9,0.7692307692307693,0,18,16,4,12,10,20,1,1,0
a,043,41,1,1,9,6,0.9230769230769231,1,7,9,12,11,13,11,1,1,0
a,044,51,3,0,9,6,0.8461538461538461,1,6,8,7,13,7,9,1,1,1
a,045,37,1,0,7,7,1.0,0,8,8,7,9,8,8,1,1,0
a,046,27,0,1,7,6,1.1428571428571428,0,4,6,9,6,6,5,1,1,0
a,047,42,1,0,8,10,1.0,1,14,15,6,7,6,15,1,1,0
a,048,34,1,1,9,4,0.8181818181818182,1,7,6,12,11,10,10,1,1,1
a,049,33,0,3,5,3,1.0,0,7,6,13,15,21,12,1,1,3
a,050,57,0,1,10,8,0.9090909090909091,0,11,12,6,9,0,2,1,1,0
a,051,39,0,2,9,8,1.3333333333333333,1,8,9,6,5,4,9,1,1,0
a,052,68,0,0,13,13,1.0714285714285714,0,11,15,15,13,5,7,1,1,0
a,053,55,0,2,12,10,0.8666666666666667,1,7,9,13,13,9,7,1,1,0
a,054,37,1,1,7,11,1.0909090909090908,1,6,8,8,8,8,7,1,1,0
a,055,27,0,1,5,4,1.25,0,6,9,8,7,10,9,1,1,0
a,056,33,0,0,8,6,0.9,1,5,6,11,10,12,8,1,1,1
a,057,22,3,0,4,3,1.125,1,7,8,6,6,8,9,1,1,0
a,058,25,0,1,3,2,1.0,0,6,8,9,10,15,11,1,1,3
a,059,25,0,4,6,3,1.375,1,5,7,5,6,9,13,1,1,4
a,060,43,2,0,9,5,1.0,0,11,12,14,14,15,16,1,1,1
a,061,24,1,0,5,4,1.1428571428571428,0,6,6,4,4,3,6,1,1,0
a,062,20,1,1,4,4,0.875,1,3,4,8,8,12,5,1,1,0
a,063,40,1,0,6,9,0.8181818181818182,1,13,14,7,9,7,14,1,1,0
a,064,21,2,1,3,5,1.0,1,9,11,3,5,6,13,1,1,0
a,065,31,0,0,6,4,0.9090909090909091,1,5,6,9,9,16,12,1,1,3
a,066,43,0,0,9,10,0.9090909090909091,2,11,14,9,8,8,12,1,1,0
a,067,26,0,3,6,4,1.6666666666666667,1,5,7,3,3,1,5,1,1,0
a,068,62,1,2,4,12,0.875,1,30,30,23,23,24,33,1,1,0
a,069,32,0,2,6,7,1.5714285714285714,1,7,9,5,4,4,8,1,1,0
a,070,36,0,0,9,5,1.0909090909090908,1,9,9,11,10,16,15,1,1,3
a,071,29,0,5,6,4,1.4444444444444444,1,6,8,7,7,13,13,1,1,2
a,072,35,1,0,8,7,0.6363636363636364,1,6,7,7,10,10,7,1,1,0
a,073,47,3,2,4,10,0.9230769230769231,1,23,24,13,14,14,26,1,1,0
a,074,41,0,0,10,7,0.9090909090909091,1,5,8,12,11,10,8,1,1,1
a,075,41,0,1,9,8,1.1,0,8,9,10,8,7,9,1,1,0
a,076,30,1,0,8,4,1.0,1,6,7,9,8,7,8,1,1,0
a,077,93,0,0,13,12,0.8571428571428571,0,16,16,7,12,0,0,1,1,0
a,078,44,0,0,9,7,1.0769230769230769,1,11,12,13,15,19,16,1,1,2
a,079,43,0,0,10,8,1.1,1,10,11,12,14,12,10,1,1,0
a,080,26,0,1,4,4,0.7777777777777778,0,4,6,9,9,9,6,1,1,0
a,081,41,0,0,9,7,1.0909090909090908,1,9,7,10,12,15,12,1,1,3
a,082,36,0,1,5,7,1.2222222222222223,0,9,10,6,6,6,10,1,1,0
a,083,56,0,3,9,9,0.9230769230769231,2,16,15,7,13,6,15,1,1,0
a,084,37,1,1,9,4,1.0909090909090908,1,11,9,14,11,14,14,1,1,0
a,085,42,2,0,9,8,0.7272727272727273,1,11,10,7,10,8,11,1,2,0
a,086,28,0,3,6,4,1.5,1,7,8,6,8,14,13,1,1,4
a,087,32,0,0,6,4,0.8181818181818182,1,6,7,13,13,16,8,1,1,0
a,088,37,0,1,8,6,1.0,0,7,7,9,10,9,7,1,1,0
a,089,21,1,0,5,5,1.0,1,4,4,3,6,3,3,1,1,0
a,090,57,0,0,12,10,0.9230769230769231,0,10,10,13,15,6,9,1,1,0
a,091,62,0,3,14,8,1.0666666666666667,0,13,12,17,17,7,13,1,1,0
a,092,54,0,0,10,11,0.9166666666666666,0,7,9,10,11,1,4,1,1,0
a,093,37,1,0,5,4,0.9166666666666666,0,10,13,10,12,14,17,1,1,2
a,094,34,1,0,8,7,1.0,0,6,7,7,9,9,8,1,1,1
a,095,39,0,0,6,4,1.0833333333333333,1,12,12,13,13,17,18,1,1,1
a,096,29,0,2,6,5,1.125,1,6,8,7,7,7,7,1,1,0
a,097,66,0,0,15,12,1.0666666666666667,1,13,14,20,18,14,12,1,0,0
a,098,46,2,1,8,10,1.0,1,17,18,6,11,11,21,1,1,0
a,099,41,1,0,8,10,1.0,2,13,15,8,8,9,15,1,1,0
b,000,18,4,0,3,3,0.4444444444444444,1,2,4,9,8,9,3,1,1,0
b,001,48,5,0,7,9,0.8125,1,12,12,12,12,11,12,1,1,0
b,002,36,8,0,5,4,0.6,1,10,11,15,14,15,11,1,1,0
b,003,33,8,0,4,4,0.6,1,9,10,14,13,16,12,1,1,1
b,004,36,6,1,8,5,0.6428571428571429,1,8,9,16,15,15,10,1,1,0
b,005,30,5,0,3,4,0.5,1,5,7,16,12,16,8,1,1,1
b,006,38,6,0,7,5,0.7692307692307693,1,11,11,13,11,12,13,1,2,0
b,007,26,5,0,2,4,0.46153846153846156,1,5,4,14,12,15,6,1,1,0
b,008,42,6,0,9,5,0.6666666666666666,2,10,9,17,16,16,11,1,1,1
b,009,24,5,0,4,3,0.5,1,4,4,13,9,13,7,1,1,1
b,010,37,7,0,7,6,0.6,2,6,7,15,14,16,8,1,1,0
b,011,54,7,0,8,8,0.8823529411764706,1,17,17,13,12,12,17,1,1,0
b,012,33,0,0,5,3,0.5454545454545454,0,6,7,12,11,3,6,1,1,0
b,013,23,6,0,2,2,0.5,1,5,6,13,10,14,8,1,1,1
b,014,31,4,2,7,3,0.7692307692307693,2,7,7,12,10,14,13,1,1,2
b,015,29,5,0,6,6,0.6363636363636364,2,3,5,10,8,8,4,1,1,0
b,016,34,5,0,7,4,0.8461538461538461,1,10,10,14,13,19,15,1,1,3
b,017,56,7,0,10,8,0.7058823529411765,2,12,12,19,17,15,11,1,1,0
b,018,39,5,0,6,8,0.5,0,6,7,13,12,12,7,1,1,0
b,019,24,7,0,3,2,0.38461538461538464,1,3,4,14,12,14,4,1,1,0
b,020,37,6,0,6,6,0.7142857142857143,1,10,10,13,11,12,12,1,1,0
b,021,29,9,1,4,1,0.6428571428571429,1,10,10,14,10,14,15,1,1,1
b,022,31,7,0,2,2,0.6153846153846154,1,11,12,15,14,15,12,1,1,0
b,023,27,4,0,6,6,0.5454545454545454,1,3,4,10,8,9,2,1,1,0
b,024,50,5,0,8,10,0.8666666666666667,2,13,13,16,12,15,13,1,1,0
b,025,31,5,0,6,4,0.5384615384615384,1,5,5,15,10,13,5,1,1,0
b,026,26,5,0,5,4,0.5,1,4,5,12,11,12,6,1,1,0
b,027,56,0,0,7,8,0.6153846153846154,0,9,10,14,13,0,0,1,1,0
b,028,86,0,0,18,12,0.6666666666666666,0,12,14,19,15,4,0,1,2,0
b,029,83,0,0,10,11,0.6875,0,10,10,18,14,0,0,1,1,0
b,030,29,6,0,4,5,0.5,1,5,4,14,11,15,7,1,1,1
b,031,23,4,0,4,4,0.5,1,2,4,9,7,7,3,1,1,0
b,032,35,6,0,5,6,0.5384615384615384,1,5,8,13,10,11,3,1,1,0
b,033,30,6,0,2,2,0.42857142857142855,1,7,8,18,17,18,8,1,1,0
b,034,25,5,0,4,3,0.5454545454545454,1,5,6,11,10,11,6,1,1,0
b,035,28,5,0,5,5,0.5,1,4,5,12,11,12,4,1,1,0
b,036,31,5,0,4,4,0.6153846153846154,1,6,8,14,11,14,8,1,1,0
b,037,32,4,0,4,7,0.75,1,8,6,9,7,8,7,1,1,0
b,038,40,2,1,6,7,0.5714285714285714,0,6,5,11,9,6,3,1,1,0
b,039,39,6,0,7,6,0.6,1,7,7,14,13,12,8,1,1,0
b,040,30,5,0,5,3,0.6666666666666666,1,9,9,14,11,13,11,1,1,1
b,041,33,5,0,6,5,0.75,1,9,10,13,9,11,10,1,1,0
b,042,35,4,0,3,3,0.6,1,7,7,17,15,20,12,1,1,2
b,043,29,7,0,4,3,0.5384615384615384,1,7,8,13,12,13,8,1,1,0
b,044,39,5,0,6,4,0.6666666666666666,1,6,9,17,15,19,13,1,1,2
b,045,33,7,1,3,2,0.7142857142857143,1,12,12,16,13,17,15,1,1,0
b,046,27,6,0,3,3,0.5833333333333334,1,7,9,13,11,13,9,1,1,0
b,047,26,6,0,2,2,0.5,1,7,8,14,13,14,8,1,1,0
b,048,33,7,0,6,4,0.42857142857142855,1,4,4,15,12,11,4,1,1,0
b,049,42,4,0,9,7,0.6923076923076923,1,9,11,15,14,10,9,1,1,0
b,050,37,5,0,5,5,0.7142857142857143,1,10,10,15,12,16,12,1,1,1
b,051,35,5,0,6,3,0.7857142857142857,1,10,10,14,13,17,15,1,1,2
b,052,21,5,0,3,2,0.45454545454545453,1,4,4,13,10,13,6,1,1,0
b,053,45,0,0,7,5,0.5714285714285714,0,7,8,14,13,2,7,1,1,0
b,054,29,5,0,4,3,0.5833333333333334,1,7,8,13,12,13,8,1,1,0
b,055,24,5,0,4,3,0.4166666666666667,1,3,4,13,12,13,5,1,1,0
b,056,24,6,0,5,2,0.6363636363636364,1,7,7,11,9,10,9,1,1,0
b,057,44,7,1,6,5,0.875,1,15,15,14,13,16,19,1,1,0
b,058,21,5,0,2,2,0.5,1,5,6,11,10,11,6,1,1,0
b,059,27,7,0,5,4,0.46153846153846156,1,4,5,13,11,12,5,1,1,0
b,060,35,6,0,7,7,0.5714285714285714,1,5,5,12,10,11,5,1,1,0
b,061,33,5,2,6,6,0.8333333333333334,2,8,10,10,9,10,10,1,1,0
b,062,31,5,0,5,2,0.5714285714285714,1,7,7,17,14,19,12,1,1,2
b,063,24,6,0,4,4,0.38461538461538464,1,2,3,13,11,14,4,1,1,1
b,064,37,5,0,8,4,0.5333333333333333,1,6,7,15,14,12,9,1,1,0
b,065,27,3,0,5,5,0.7,1,3,5,10,7,10,5,1,1,1
b,066,28,6,0,4,3,0.46153846153846156,1,5,6,14,13,14,6,1,1,0
b,067,28,6,0,5,4,0.5833333333333334,1,6,6,12,9,11,7,1,1,0
b,068,18,4,0,3,3,0.4444444444444444,1,3,3,9,8,9,3,1,1,0
b,069,21,4,0,4,4,0.5555555555555556,1,3,4,9,6,7,3,1,1,0
b,070,37,4,0,6,6,0.6923076923076923,1,9,8,14,10,12,8,1,1,0
b,071,44,0,0,8,4,0.5,0,6,7,16,15,4,6,1,1,0
b,072,30,7,0,4,5,0.42857142857142855,1,6,4,15,14,15,5,1,1,0
b,073,24,6,0,3,3,0.4166666666666667,1,4,4,13,11,13,5,1,1,0
b,074,28,6,0,3,4,0.6923076923076923,1,8,6,13,11,18,11,1,1,2
b,075,38,4,0,6,6,0.5714285714285714,1,6,8,16,15,14,6,1,1,0
b,076,30,5,0,5,5,0.5833333333333334,1,6,6,13,10,11,6,1,1,0
b,077,40,5,1,5,5,0.9230769230769231,1,14,15,13,13,14,16,1,1,0
b,078,23,7,0,2,2,0.4166666666666667,1,5,6,13,12,13,6,1,1,0
b,079,29,5,0,6,4,0.5384615384615384,3,7,7,14,12,14,8,2,1,1
b,080,26,4,0,3,2,0.5833333333333334,1,6,7,14,11,15,10,1,1,1
b,081,27,6,0,3,4,0.5833333333333334,1,5,7,10,10,11,6,1,1,0
b,082,28,4,0,4,5,0.6363636363636364,1,7,6,12,9,11,7,1,1,0
b,083,49,0,0,9,5,0.4375,0,4,5,17,16,3,4,1,1,0
b,084,24,7,0,4,4,0.5,1,5,5,11,9,11,6,1,1,0
b,085,82,0,0,10,11,0.6875,0,10,10,18,14,0,0,1,1,0
b,086,39,3,0,5,7,0.8333333333333334,1,12,11,14,12,13,11,1,1,0
b,087,29,6,0,4,4,0.5833333333333334,1,8,8,13,11,12,8,1,1,0
b,088,37,8,0,4,5,0.6,1,11,12,16,15,16,11,1,1,0
b,089,37,8,0,6,6,0.3888888888888889,1,3,3,19,15,18,3,1,2,0
b,090,34,7,2,4,3,0.625,2,7,9,15,15,18,11,1,1,0
b,091,25,5,0,5,4,0.5454545454545454,1,4,5,11,9,10,5,1,1,0
b,092,41,7,0,7,7,0.5625,1,7,7,17,13,14,6,1,1,0
b,093,36,5,0,9,4,0.6428571428571429,2,6,6,17,16,20,11,1,1,2
b,094,37,5,0,8,7,0.6923076923076923,1,5,8,10,11,10,8,1,1,2
b,095,32,0,0,5,3,0.5454545454545454,0,5,7,12,10,3,6,1,1,0
b,096,36,6,0,5,4,0.4666666666666667,1,7,7,18,16,16,7,1,1,0
b,097,46,5,0,8,8,0.6875,1,10,10,16,14,15,10,1,1,0
b,098,25,7,0,4,2,0.5,1,5,6,13,10,11,6,1,1,0
b,099,28,4,1,5,5,0.5833333333333334,1,4,6,14,8,12,6,1,1,0
c,000,20,5,0,2,1,0.8888888888888888,2,10,10,6,6,9,14,1,0,1
c,001,26,8,0,2,2,0.75,2,13,13,9,7,8,14,1,0,0
c,002,23,5,1,5,3,0.8,1,8,8,8,6,7,11,1,0,0
c,003,29,2,0,7,6,0.8,0,7,7,7,6,6,6,1,0,0
c,004,23,4,1,4,4,0.9,2,10,10,4,4,4,11,1,0,0
c,005,22,4,0,4,4,0.7777777777777778,0,6,8,6,6,7,8,1,0,1
c,006,30,6,1,3,4,0.8461538461538461,2,12,12,7,5,7,14,1,0,0
c,007,31,7,0,3,5,0.7857142857142857,2,14,13,7,6,7,15,1,0,0
c,008,27,8,0,3,3,0.8461538461538461,2,13,13,6,6,8,18,1,0,1
c,009,32,6,0,5,4,0.9230769230769231,2,12,12,8,6,9,16,1,0,1
c,010,39,12,1,2,1,1.0,2,25,25,14,12,12,25,1,0,0
c,011,29,8,1,3,3,0.8333333333333334,2,15,15,10,8,8,15,1,0,0
c,012,8,1,0,1,2,0.75,1,3,3,3,2,1,3,1,0,0
c,013,29,4,0,5,3,1.0,0,12,11,8,7,7,13,1,0,0
c,014,18,6,0,2,1,0.75,2,10,10,8,6,6,10,1,0,0
c,015,59,1,1,7,13,1.0,0,16,17,6,5,1,2,1,0,0
c,016,20,5,2,2,3,0.8888888888888888,2,10,9,6,5,5,10,1,0,0
c,017,20,9,1,2,2,0.8181818181818182,2,10,10,5,5,9,14,1,0,2
c,018,25,6,1,2,1,0.9090909090909091,2,14,14,8,6,6,17,1,0,0
c,019,38,5,1,6,8,0.7692307692307693,1,11,11,7,5,5,4,1,0,0
c,020,20,3,1,2,2,0.8888888888888888,2,9,9,5,3,3,11,1,0,0
c,021,46,0,0,6,9,0.9,0,10,10,6,6,0,0,1,0,0
c,022,37,7,3,4,5,0.9333333333333333,2,12,13,7,6,7,14,1,0,1
c,023,24,10,2,3,2,0.8461538461538461,2,11,11,6,6,10,17,1,0,3
c,024,25,2,1,4,5,1.0,1,9,8,4,3,4,9,1,0,0
c,025,20,3,1,2,3,1.0,2,9,10,6,5,7,11,1,0,0
c,026,26,2,1,4,5,0.8181818181818182,2,8,8,4,2,2,8,1,0,0
c,027,28,5,0,5,4,0.8333333333333334,1,9,9,6,4,6,13,1,0,0
c,028,26,4,1,4,4,1.0,1,11,10,6,5,6,12,1,0,1
c,029,24,4,0,3,4,0.8,1,9,10,7,6,6,9,1,0,0
c,030,31,7,1,4,3,0.9285714285714286,1,13,12,8,9,15,19,1,0,4
c,031,24,9,0,4,3,0.6923076923076923,1,8,8,6,6,11,14,1,0,4
c,032,40,14,0,2,1,0.8125,2,24,24,16,14,14,24,1,0,0
c,033,18,3,1,2,3,0.875,2,8,7,4,3,3,8,1,0,0
c,034,32,5,0,4,5,0.9166666666666666,2,15,15,7,5,5,15,1,0,0
c,035,23,3,0,4,5,0.6666666666666666,0,5,6,7,7,7,4,1,0,0
c,036,28,6,1,4,4,0.9090909090909091,2,14,14,8,6,6,14,1,0,0
c,037,44,6,0,4,6,0.9375,2,20,20,8,6,6,20,1,0,0
c,038,26,6,0,4,4,0.6666666666666666,1,9,9,8,6,6,10,1,0,0
c,039,35,5,0,5,5,0.9285714285714286,1,13,12,6,7,12,19,1,0,4
c,040,33,7,2,3,5,0.8571428571428571,2,14,14,8,6,7,14,1,0,0
c,041,54,0,0,8,9,0.8181818181818182,0,13,13,13,11,0,0,1,0,0
c,042,25,5,0,4,3,0.9090909090909091,2,13,12,5,4,5,16,1,0,1
c,043,32,5,0,6,6,0.9090909090909091,0,11,13,8,8,8,12,1,0,0
c,044,27,7,0,2,2,0.9090909090909091,2,15,16,8,7,7,17,1,0,0
c,045,29,7,1,4,1,1.0833333333333333,2,15,15,6,6,10,23,1,0,3
c,046,29,7,1,4,4,0.9230769230769231,2,15,14,6,5,7,17,1,0,0
c,047,28,3,2,3,4,1.1,1,11,11,5,4,3,11,1,0,0
c,048,35,4,0,5,6,1.0,0,12,13,7,8,8,12,1,0,0
c,049,28,5,1,3,2,1.0,1,12,11,6,7,14,17,1,0,3
c,050,31,5,0,4,4,0.7692307692307693,2,12,12,7,5,5,12,1,0,0
c,051,22,8,2,3,2,1.0,2,11,11,4,4,9,17,1,0,3
c,052,28,3,0,4,4,1.1111111111111112,0,12,12,5,5,5,11,1,0,0
c,053,30,6,0,5,6,0.7142857142857143,2,9,9,10,10,15,12,1,0,1
c,054,23,5,1,3,2,1.1,2,10,11,3,2,7,17,1,0,3
c,055,37,6,0,4,5,0.9285714285714286,0,14,13,6,8,10,16,1,0,2
c,056,31,6,1,3,4,1.0,1,14,15,4,5,7,19,1,0,2
c,057,20,4,0,3,3,0.875,2,10,10,6,4,4,10,1,0,0
c,058,41,2,0,7,8,0.8,2,8,9,10,11,12,10,1,0,0
c,059,32,6,0,6,3,1.0,2,15,14,7,6,8,22,1,0,1
c,060,29,2,0,6,6,0.8,0,5,5,6,6,7,4,1,0,0
c,061,25,8,0,2,3,0.6428571428571429,2,9,9,7,5,8,12,1,0,1
c,062,22,8,2,2,1,0.7692307692307693,2,9,9,6,6,10,16,1,0,3
c,063,44,8,0,3,5,0.9375,2,22,22,10,8,8,22,1,0,0
c,064,40,7,0,7,8,0.625,1,8,9,12,11,11,8,1,0,0
c,065,26,5,0,5,6,0.9,1,8,8,5,4,6,8,1,0,1
c,066,14,1,0,2,3,0.8333333333333334,1,5,5,3,2,1,5,1,0,0
c,067,55,1,0,8,11,1.0714285714285714,0,17,17,8,7,2,13,1,1,0
c,068,23,7,0,2,2,0.6363636363636364,2,10,10,9,7,7,10,1,0,0
c,069,28,7,2,3,2,1.0833333333333333,2,15,15,5,5,7,21,1,0,2
c,070,32,5,0,3,2,1.2727272727272727,2,21,21,6,4,5,25,1,0,0
c,071,28,11,1,2,3,0.8461538461538461,2,16,15,9,8,11,16,1,0,0
c,072,25,6,1,4,3,0.9,2,13,13,8,6,6,13,1,0,0
c,073,26,4,1,2,5,0.75,2,9,9,6,4,4,10,1,0,0
c,074,23,3,0,3,4,0.8888888888888888,2,10,10,5,3,3,10,1,0,0
c,075,32,3,0,4,5,1.2,2,17,17,5,3,3,17,1,0,0
c,076,30,6,1,4,5,1.0,1,13,12,5,4,7,16,1,0,2
c,077,13,4,1,1,2,0.625,2,5,4,5,4,4,6,1,0,0
c,078,21,5,1,3,4,0.8,2,7,8,7,6,9,9,1,0,0
c,079,27,4,0,6,4,1.0,0,10,11,7,4,6,14,1,0,0
c,080,21,3,1,3,4,1.0,2,10,10,5,3,3,10,1,0,0
c,081,23,2,0,4,5,0.8888888888888888,0,7,7,4,4,4,7,1,0,0
c,082,14,6,0,2,1,0.625,2,7,7,6,6,6,8,1,0,0
c,083,19,4,1,2,1,0.9,1,7,8,4,5,7,13,1,0,2
c,084,38,12,0,2,1,0.9285714285714286,2,24,24,14,12,12,24,1,0,0
c,085,18,5,1,3,3,1.0,2,9,8,4,3,5,11,1,0,1
c,086,28,2,0,5,6,0.8,0,7,6,6,7,7,6,1,0,0
c,087,23,0,1,2,4,1.0,2,9,8,4,3,0,8,1,0,0
c,088,30,7,0,2,3,0.9230769230769231,2,16,16,6,6,7,19,1,0,0
c,089,35,11,0,2,1,0.9230769230769231,2,22,22,13,11,11,22,1,0,0
c,090,20,3,0,4,4,0.75,0,6,6,6,6,7,5,1,0,0
c,091,16,7,0,1,1,0.45454545454545453,2,6,5,8,7,7,8,1,0,0
c,092,14,3,1,2,3,0.7142857142857143,1,5,5,5,3,3,5,1,0,0
c,093,30,3,0,6,6,0.8333333333333334,2,11,11,5,3,3,11,1,0,0
c,094,33,1,0,2,7,0.8461538461538461,2,10,10,3,2,1,10,1,0,0
c,095,24,8,1,2,1,0.9,2,14,15,9,8,8,15,1,0,0
c,096,32,2,0,6,6,1.0,0,10,10,5,7,5,9,1,0,0
c,097,30,6,0,4,3,0.9166666666666666,0,14,12,9,9,12,15,1,0,1
c,098,20,7,0,2,2,0.7,2,9,10,7,6,7,11,1,0,1
c,099,21,4,0,3,3,0.6,2,6,7,9,10,11,7,1,0,0
d,000,47,0,0,9,9,0.7333333333333333,0,9,9,17,17,17,10,1,1,0
d,001,31,6,1,7,5,0.5,1,3,4,11,13,12,3,1,1,0
d,002,30,6,0,5,4,0.5384615384615384,1,6,7,12,14,14,7,1,1,0
d,003,24,6,0,5,4,0.4166666666666667,1,2,4,10,12,11,3,1,1,0
d,004,27,7,0,5,4,0.46153846153846156,1,3,4,10,13,11,4,1,1,0
d,005,29,5,0,5,4,0.6666666666666666,1,7,8,10,12,12,10,1,1,1
d,006,70,0,0,8,10,0.6666666666666666,0,13,14,16,17,0,0,1,1,0
d,007,24,7,0,4,2,0.38461538461538464,1,3,3,11,15,13,4,1,1,0
d,008,36,7,0,5,5,0.4375,1,6,7,16,18,17,6,1,1,0
d,009,32,6,0,5,5,0.6153846153846154,0,7,8,9,10,10,8,1,1,0
d,010,36,1,0,5,4,0.6428571428571429,0,6,7,10,13,10,12,1,1,2
d,011,32,5,0,4,2,0.7692307692307693,1,11,12,11,14,15,16,1,1,1
d,012,35,6,0,6,4,0.6,1,7,8,14,16,18,11,1,1,2
d,013,30,7,2,4,4,0.6428571428571429,2,6,7,11,11,16,10,1,1,2
d,014,56,0,0,8,8,0.6923076923076923,0,6,8,9,12,0,0,1,1,0
d,015,30,8,0,5,4,0.4,1,4,6,14,16,15,5,1,1,0
d,016,35,7,0,6,6,0.4666666666666667,1,7,4,14,15,12,5,1,1,0
d,017,47,2,1,7,5,0.8,0,9,11,14,10,7,11,1,1,0
d,018,41,5,0,7,8,0.9166666666666666,2,8,9,9,12,8,8,1,1,0
d,019,27,7,0,4,4,0.46153846153846156,1,5,5,12,12,13,5,1,1,0
d,020,38,1,1,6,3,0.6153846153846154,1,5,7,11,13,5,7,1,1,0
d,021,29,6,1,4,5,0.6153846153846154,1,4,6,11,12,14,6,1,1,0
d,022,45,0,0,7,7,0.5333333333333333,0,5,5,12,15,8,3,1,1,0
d,023,29,2,1,4,4,0.5454545454545454,1,3,5,9,10,6,4,1,1,0
d,024,68,0,0,10,10,0.7142857142857143,0,9,9,12,16,0,0,1,1,0
d,025,35,3,0,7,3,0.46153846153846156,1,5,5,12,16,8,6,1,1,0
d,026,32,6,0,6,5,0.42857142857142855,1,1,5,12,12,10,2,1,1,0
d,027,54,0,0,9,8,0.5714285714285714,0,5,7,12,14,0,1,1,1,0
d,028,36,6,1,8,5,0.6428571428571429,1,5,6,14,15,14,9,1,1,1
d,029,24,6,0,2,2,0.5,1,6,7,11,14,14,8,1,1,0
d,030,22,6,0,2,2,0.38461538461538464,1,2,2,10,14,16,6,1,1,2
d,031,34,8,0,2,2,0.6428571428571429,1,13,14,15,16,16,14,1,1,0
d,032,27,6,1,5,3,0.7272727272727273,1,3,6,9,9,9,5,1,1,0
d,033,36,2,2,7,5,0.7142857142857143,1,6,7,12,14,13,10,1,1,1
d,034,61,0,0,8,9,0.6428571428571429,0,7,7,9,13,0,0,1,1,0
d,035,25,4,1,6,4,0.6363636363636364,2,3,3,8,13,13,6,1,1,1
d,036,30,7,0,3,3,0.4666666666666667,1,7,6,15,16,17,9,1,1,0
d,037,31,7,1,4,4,0.5714285714285714,1,7,8,12,13,13,9,1,1,0
d,038,26,5,2,4,4,0.5833333333333334,1,4,4,9,11,12,7,1,1,0
d,039,29,5,0,4,4,0.5833333333333334,1,7,8,12,13,13,8,1,1,0
d,040,33,6,1,5,5,0.6923076923076923,1,5,9,11,12,12,8,1,1,0
d,041,26,9,1,4,3,0.4666666666666667,2,3,3,11,14,18,8,1,1,3
d,042,45,5,1,6,7,0.625,1,5,8,15,12,9,7,1,1,0
d,043,30,7,0,6,4,0.42857142857142855,1,3,3,10,14,11,2,1,1,0
d,044,27,0,0,5,4,0.5555555555555556,0,3,5,8,9,2,3,1,1,0
d,045,33,6,0,7,7,0.4666666666666667,1,3,5,13,14,15,4,1,1,0
d,046,30,6,0,5,3,0.4666666666666667,1,2,2,12,16,19,7,1,1,4
d,047,37,7,0,6,7,0.5333333333333333,1,5,7,11,15,14,6,1,1,1
d,048,29,5,0,4,4,0.5384615384615384,1,6,7,13,14,15,8,1,1,0
d,049,32,6,0,4,2,0.6428571428571429,1,9,9,12,16,18,14,1,1,2
d,050,23,1,0,4,3,0.625,0,2,4,4,8,1,2,1,1,0
d,051,37,6,0,6,6,0.5333333333333333,1,8,8,15,18,17,8,1,1,0
d,052,29,1,0,3,3,0.5833333333333334,1,4,5,9,10,9,9,1,1,1
d,053,30,8,2,5,3,0.6428571428571429,2,7,8,11,13,16,11,1,1,1
d,054,35,4,0,7,5,0.7692307692307693,2,7,9,11,16,17,13,1,1,0
d,055,28,6,0,3,3,0.42857142857142855,1,5,5,14,17,18,7,1,1,0
d,056,35,5,0,5,5,0.6153846153846154,1,5,8,10,9,8,7,1,1,0
d,057,29,6,0,5,5,0.6153846153846154,1,5,6,10,12,13,7,1,1,1
d,058,33,6,1,7,5,0.6923076923076923,2,5,5,11,12,13,7,1,1,0
d,059,40,5,3,4,4,0.9230769230769231,2,12,14,12,14,13,13,1,1,0
d,060,23,7,0,3,3,0.4166666666666667,1,4,4,10,12,12,5,1,1,0
d,061,23,8,0,3,3,0.2857142857142857,1,2,3,13,14,14,3,1,1,0
d,062,33,7,0,2,2,0.5714285714285714,1,11,12,16,17,17,12,1,1,0
d,063,42,0,2,6,4,0.8181818181818182,1,8,10,12,12,0,8,1,1,0
d,064,33,5,0,6,5,0.6153846153846154,1,6,9,12,13,13,8,1,1,0
d,065,33,7,3,4,4,0.7333333333333333,2,5,7,12,14,17,11,1,1,1
d,066,22,6,0,4,3,0.3333333333333333,1,2,3,11,12,12,2,1,1,0
d,067,56,0,0,8,8,0.5714285714285714,0,6,6,10,14,0,0,1,1,0
d,068,30,7,0,4,3,0.5,1,7,7,14,15,15,9,1,1,0
d,069,26,3,1,6,5,0.7777777777777778,1,2,7,8,9,8,5,1,1,0
d,070,35,1,1,9,6,0.6923076923076923,1,1,3,14,17,20,4,1,1,1
d,071,28,4,2,4,4,0.7272727272727273,2,5,7,10,10,11,7,1,1,0
d,072,38,5,0,6,5,0.7142857142857143,1,9,8,11,16,15,11,1,1,0
d,073,26,7,0,4,3,0.5384615384615384,1,7,5,11,12,13,9,1,1,0
d,074,26,7,0,2,3,0.5,1,7,7,13,15,16,9,1,0,1
d,075,22,6,0,3,3,0.6363636363636364,1,7,6,9,9,11,9,1,1,0
d,076,47,4,0,9,10,0.75,1,7,10,12,12,13,9,1,1,0
d,077,29,7,0,4,3,0.6153846153846154,1,8,7,11,12,14,8,1,1,0
d,078,41,2,0,7,7,0.8333333333333334,1,7,6,6,11,7,6,1,1,0
d,079,27,7,0,3,3,0.5384615384615384,1,7,8,10,13,14,9,1,1,0
d,080,49,5,2,6,6,0.6470588235294118,2,8,11,14,14,10,10,1,1,0
d,081,33,0,0,6,4,0.5454545454545454,0,3,4,10,10,3,2,1,1,0
d,082,36,5,1,7,4,0.6666666666666666,1,7,7,13,14,17,13,1,1,2
d,083,27,5,0,3,2,0.6153846153846154,1,7,7,11,13,16,12,1,1,2
d,084,27,5,0,5,5,0.6363636363636364,1,4,6,9,9,9,3,1,1,0
d,085,29,8,0,3,3,0.5333333333333333,1,7,7,13,14,17,11,1,1,2
d,086,43,2,4,6,5,0.8571428571428571,2,9,13,12,12,8,11,1,1,0
d,087,70,0,0,9,10,0.7142857142857143,0,7,7,8,14,0,0,1,1,0
d,088,36,2,0,5,4,0.8333333333333334,0,10,10,9,12,9,10,1,1,0
d,089,30,4,1,5,5,0.7272727272727273,1,6,9,9,11,10,8,1,1,0
d,090,31,4,1,5,4,0.5833333333333334,0,5,8,10,11,9,7,1,1,0
d,091,30,5,0,6,3,0.6153846153846154,1,6,6,11,13,12,9,1,1,0
d,092,39,4,0,5,5,0.6666666666666666,1,8,8,15,17,20,13,1,1,3
d,093,21,3,2,5,4,0.7777777777777778,2,3,4,6,8,7,6,1,1,0
d,094,36,6,0,5,5,0.6,1,8,8,14,15,16,10,1,1,0
d,095,23,7,0,2,2,0.38461538461538464,1,4,4,11,15,15,6,1,1,0
d,096,28,5,0,3,3,0.46153846153846156,1,5,7,13,17,16,7,1,1,0
d,097,20,5,1,4,3,0.6666666666666666,1,3,5,8,7,7,5,1,1,0
d,098,34,6,0,7,5,0.5333333333333333,1,5,7,12,17,15,8,1,1,1
d,099,27,7,0,4,3,0.5714285714285714,2,4,5,11,13,17,9,1,1,2
e,000,27,2,0,5,7,1.0,1,12,13,4,3,8,19,1,1,1
e,001,76,0,0,11,9,0.8181818181818182,0,12,13,9,6,0,0,1,1,0
e,002,34,1,1,7,9,1.0,1,13,13,6,5,8,18,1,1,1
e,003,37,2,0,6,8,0.8,0,14,13,7,6,7,12,1,1,0
e,004,25,4,0,4,6,0.7272727272727273,2,9,9,8,8,14,16,1,0,4
e,005,44,2,0,7,10,1.0,0,18,19,7,6,7,19,1,1,0
e,006,27,4,2,4,7,1.0,1,11,13,4,4,8,16,1,1,1
e,007,41,1,0,7,10,1.0,1,18,18,6,5,5,19,1,1,0
e,008,50,1,0,9,12,1.0833333333333333,1,19,19,6,6,5,20,1,1,0
e,009,37,3,0,6,9,0.75,0,12,12,7,5,6,14,1,1,0
e,010,28,1,1,6,7,0.8888888888888888,1,8,9,6,4,7,13,1,1,1
e,011,31,3,0,5,8,0.9,1,14,13,7,4,6,17,1,1,0
e,012,47,1,0,8,11,0.9166666666666666,0,16,17,7,6,6,17,1,1,0
e,013,39,3,0,6,8,0.5714285714285714,0,8,12,11,10,13,13,1,1,1
e,014,30,2,1,5,7,0.8888888888888888,0,10,11,4,6,6,14,1,1,0
e,015,44,1,0,7,11,1.1666666666666667,2,19,20,8,10,12,28,1,0,2
e,016,53,1,2,9,11,1.1666666666666667,1,22,20,6,6,6,21,1,1,0
e,017,27,2,1,3,6,0.7272727272727273,0,7,8,6,8,10,10,1,1,1
e,018,27,2,0,5,6,0.875,1,10,11,6,4,4,11,1,1,0
e,019,37,3,0,6,9,0.6923076923076923,0,13,12,9,8,11,17,1,1,1
e,020,30,1,1,6,8,1.1111111111111112,0,12,12,5,3,5,19,1,1,1
e,021,32,1,0,6,8,0.8888888888888888,1,12,14,5,5,5,15,1,1,0
e,022,32,3,0,5,10,0.9090909090909091,2,14,15,6,5,12,22,1,0,4
e,023,32,1,0,5,10,1.1111111111111112,1,15,16,3,4,2,21,1,1,0
e,024,34,1,1,5,9,1.25,1,17,12,3,3,2,14,1,1,0
e,025,45,3,0,7,11,0.9230769230769231,1,15,17,6,6,8,19,1,1,2
e,026,29,3,2,5,8,1.0,1,13,12,5,6,9,18,1,1,1
e,027,27,1,3,4,5,1.0,0,9,9,7,6,7,11,1,1,0
e,028,35,3,0,5,10,0.9090909090909091,2,15,17,7,6,10,20,1,0,3
e,029,27,1,2,3,6,1.1428571428571428,1,14,14,8,7,7,15,1,1,0
e,030,33,3,0,6,8,0.9,1,14,15,7,7,7,16,1,1,0
e,031,29,5,0,3,6,0.8,2,16,15,8,5,5,16,1,0,0
e,032,36,1,0,6,9,1.0,1,16,16,6,4,4,17,1,1,0
e,033,28,3,1,4,7,0.8,1,10,11,5,6,10,16,1,1,1
e,034,39,4,0,6,10,0.9166666666666666,1,17,19,6,7,8,21,1,1,1
e,035,44,2,2,6,10,1.0714285714285714,2,19,18,5,8,12,29,1,0,5
e,036,31,3,0,4,8,0.8888888888888888,1,14,15,7,4,7,16,1,1,0
e,037,22,1,2,4,5,1.1666666666666667,1,10,10,6,4,4,11,1,1,0
e,038,28,1,0,5,7,0.875,1,9,10,4,4,2,10,1,1,0
e,039,43,1,0,6,11,1.1,1,19,19,6,4,4,20,1,1,0
e,040,34,2,0,7,8,0.8,0,8,9,7,5,4,10,1,1,0
e,041,68,0,0,8,9,0.8181818181818182,0,18,18,11,9,0,0,1,1,0
e,042,40,1,1,7,10,1.0,1,16,16,5,7,10,24,1,1,2
e,043,34,2,0,5,10,0.9090909090909091,1,14,13,4,5,7,20,1,1,2
e,044,37,1,0,6,9,1.0,1,16,16,7,4,3,17,1,1,0
e,045,63,1,1,11,15,1.1333333333333333,0,23,26,6,7,8,28,1,1,1
e,046,48,1,1,5,12,1.0833333333333333,1,20,21,4,4,3,21,1,1,0
e,047,25,7,3,3,5,0.8,3,14,14,10,6,7,15,1,0,0
e,048,34,3,0,7,9,0.75,0,13,13,7,7,11,21,1,1,3
e,049,35,3,0,5,10,1.0,1,14,16,6,5,6,17,1,1,1
e,050,37,3,1,4,10,0.9166666666666666,1,17,19,7,5,11,24,1,1,3
e,051,41,5,0,6,11,1.0,2,22,23,8,9,13,31,1,0,4
e,052,37,3,0,7,11,1.0,1,18,18,5,5,9,24,1,1,1
e,053,37,1,0,5,9,0.75,0,13,13,9,9,13,17,1,1,2
e,054,29,1,0,7,6,0.6666666666666666,1,7,7,7,6,6,8,1,1,0
e,055,31,2,0,4,8,0.8,2,14,13,9,10,9,15,1,0,0
e,056,29,2,0,4,8,1.0,1,12,13,5,4,4,13,1,1,0
e,057,42,5,0,5,11,0.9230769230769231,2,21,23,10,10,12,26,1,0,0
e,058,23,2,1,5,6,0.8888888888888888,1,10,9,3,4,7,14,1,1,1
e,059,59,1,1,11,12,1.0714285714285714,0,18,19,7,8,8,18,1,1,0
e,060,36,3,1,5,9,0.9090909090909091,1,14,15,6,6,10,20,1,1,3
e,061,37,1,3,6,10,1.1818181818181819,1,16,16,3,3,7,23,1,1,3
e,062,52,0,0,10,11,0.9166666666666666,0,14,15,6,6,4,13,1,1,0
e,063,59,2,0,9,14,1.0,1,25,26,9,8,9,26,1,1,0
e,064,67,2,0,11,14,0.9333333333333333,0,22,20,7,9,8,17,1,1,0
e,065,30,2,0,5,8,1.125,0,12,15,4,5,6,15,1,1,1
e,066,46,2,0,6,12,1.0909090909090908,1,19,20,6,4,4,20,1,1,0
e,067,31,2,0,4,9,0.8181818181818182,2,12,13,8,7,14,18,1,0,3
e,068,47,2,0,9,11,0.9166666666666666,0,14,16,7,7,7,15,1,1,0
e,069,39,7,3,5,9,1.0,3,21,22,11,8,9,22,1,0,0
e,070,29,1,0,5,7,0.875,1,10,11,5,4,3,11,1,1,0
e,071,22,2,0,4,6,0.875,1,9,8,4,3,7,14,1,1,3
e,072,36,3,0,5,9,0.7692307692307693,0,13,13,9,8,15,18,1,1,2
e,073,39,3,0,6,10,1.0,1,19,19,7,6,6,22,1,1,0
e,074,42,0,0,8,11,1.2,1,19,18,5,5,4,20,1,1,0
e,075,49,2,2,9,11,1.0833333333333333,1,22,22,8,6,7,23,1,1,0
e,076,28,2,1,5,7,1.1428571428571428,0,9,12,5,2,2,11,1,1,0
e,077,39,0,0,8,9,1.125,0,14,15,5,6,5,13,1,1,0
e,078,32,1,0,6,7,0.7272727272727273,0,8,7,7,7,8,10,1,1,0
e,079,57,5,0,3,14,1.0769230769230769,1,36,36,16,14,15,37,1,1,0
e,080,37,1,1,8,8,1.1111111111111112,0,13,13,6,4,4,14,1,1,0
e,081,52,3,0,8,12,0.9230769230769231,0,19,20,9,8,8,20,1,1,0
e,082,25,2,0,5,7,0.7,1,7,7,5,5,8,15,1,1,1
e,083,26,0,0,5,7,1.3333333333333333,1,12,10,3,3,1,12,1,1,0
e,084,56,1,0,10,11,0.9230769230769231,1,16,13,6,10,6,10,1,1,0
e,085,25,2,0,4,7,0.7777777777777778,1,9,10,6,4,8,15,1,1,1
e,086,44,1,0,7,12,1.0909090909090908,1,16,16,4,5,7,19,1,1,1
e,087,34,2,0,5,10,1.2222222222222223,0,17,18,4,3,3,21,1,1,0
e,088,35,1,1,6,9,0.8333333333333334,1,13,12,8,8,14,21,1,1,4
e,089,38,2,0,5,11,0.9166666666666666,1,18,18,7,6,9,25,1,1,1
e,090,27,2,0,6,8,1.0,1,12,14,4,3,7,20,1,1,1
e,091,25,2,1,4,7,1.1428571428571428,1,12,13,4,4,5,15,1,1,0
e,092,42,3,0,6,12,0.9230769230769231,1,18,19,8,8,13,29,1,1,3
e,093,33,1,1,6,8,0.9,0,11,9,5,5,6,12,1,1,0
e,094,25,0,1,4,6,0.875,1,9,9,6,5,6,12,1,2,0
e,095,32,3,0,5,8,0.6666666666666666,0,11,11,8,7,11,15,1,1,1
e,096,38,2,0,7,9,0.9,0,13,13,6,3,3,14,1,1,0
e,097,35,1,1,6,9,1.25,1,16,17,4,4,2,17,1,1,0
e,098,37,2,0,7,9,0.9,1,14,15,6,7,6,15,1,1,0
e,099,29,2,0,5,8,1.1428571428571428,0,13,15,5,5,4,14,1,1,0
f,000,45,0,0,6,6,0.5714285714285714,0,5,5,11,11,0,0,1,0,0
f,001,19,4,1,3,3,0.6666666666666666,1,5,6,7,4,4,6,1,0,0
f,002,35,7,3,4,5,0.7857142857142857,4,12,10,11,11,12,12,1,0,0
f,003,64,0,0,8,9,0.875,0,12,12,10,10,0,0,1,0,0
f,004,22,9,2,2,2,0.5833333333333334,4,8,7,9,8,9,9,1,0,0
f,005,20,7,1,2,2,0.5454545454545454,2,7,5,10,8,9,6,1,0,0
f,006,34,8,3,3,4,0.8571428571428571,2,14,12,10,11,11,14,1,0,0
f,007,30,6,4,5,4,1.0,2,9,7,7,7,8,9,1,0,0
f,008,24,6,5,3,4,1.0,3,9,9,6,5,6,10,1,0,0
f,009,18,6,0,3,3,0.5,2,4,4,8,7,7,3,1,0,0
f,010,26,10,4,4,3,0.5714285714285714,3,7,7,12,11,12,8,1,0,0
f,011,24,11,1,3,2,0.4666666666666667,2,6,6,12,10,12,8,1,0,1
f,012,27,10,2,3,2,0.6923076923076923,3,11,10,10,9,11,13,1,0,0
f,013,29,9,3,4,3,0.6428571428571429,2,7,8,11,10,11,8,1,0,0
f,014,23,8,0,4,3,0.38461538461538464,2,5,4,13,11,12,4,1,0,0
f,015,30,14,3,1,2,0.5555555555555556,4,10,9,12,12,18,13,1,1,1
f,016,23,9,3,2,2,0.6923076923076923,3,8,8,10,8,11,12,1,0,0
f,017,27,6,0,4,6,0.5833333333333334,2,5,6,7,7,7,7,1,0,0
f,018,21,10,6,3,2,0.6923076923076923,2,5,5,9,9,11,7,1,0,0
f,019,38,3,2,4,6,0.6428571428571429,2,13,12,8,6,4,12,1,0,0
f,020,19,4,0,2,2,0.75,3,9,7,7,3,4,8,1,0,0
f,021,30,6,4,4,3,0.7692307692307693,1,9,10,9,10,10,11,1,0,0
f,022,49,1,2,5,6,0.9333333333333333,0,18,17,15,14,23,30,1,1,4
f,023,49,0,0,5,6,0.6,0,7,7,11,11,0,0,1,0,0
f,024,24,8,1,4,4,0.46153846153846156,2,4,4,9,10,10,4,1,0,0
f,025,31,8,4,4,3,0.7857142857142857,3,9,8,9,10,9,10,1,0,0
f,026,22,10,2,2,3,0.46153846153846156,3,6,6,9,10,10,7,1,0,0
f,027,32,6,5,5,4,0.8571428571428571,4,11,9,9,7,8,13,1,1,0
f,028,33,11,4,4,3,0.6875,3,10,10,14,12,14,12,1,0,0
f,029,60,0,0,16,6,0.5,1,5,6,13,14,2,0,1,0,0
f,030,30,5,1,4,4,0.75,2,10,9,9,6,7,10,1,1,0
f,031,21,9,0,2,3,0.38461538461538464,3,6,5,11,8,9,6,1,0,0
f,032,20,13,2,2,2,0.3333333333333333,3,5,4,14,11,13,5,1,0,0
f,033,20,9,2,2,2,0.5,3,7,6,11,8,9,7,1,0,0
f,034,23,8,0,3,3,0.46153846153846156,2,3,3,11,9,10,2,1,0,0
f,035,26,4,2,4,4,0.6666666666666666,2,5,4,9,8,10,4,1,0,0
f,036,25,10,3,2,2,0.5714285714285714,2,8,6,11,11,12,8,1,0,0
f,037,24,9,4,1,2,0.6923076923076923,4,9,8,9,8,9,11,1,0,0
f,038,30,13,4,3,2,0.6875,4,12,12,12,12,14,15,1,0,0
f,039,21,7,4,2,3,0.7272727272727273,4,7,6,7,7,7,8,1,0,0
f,040,29,7,2,4,4,0.9230769230769231,4,12,11,6,6,9,16,1,0,0
f,041,26,11,3,3,3,0.6,2,7,7,10,10,12,9,1,0,0
f,042,22,9,4,2,2,0.6666666666666666,4,8,7,9,8,9,9,1,0,0
f,043,28,8,2,4,4,0.5333333333333333,3,7,7,14,13,15,7,1,0,0
f,044,32,9,5,4,4,0.9333333333333333,4,12,11,9,7,14,16,1,0,1
f,045,21,8,4,2,1,0.6666666666666666,4,6,7,9,9,12,10,1,0,0
f,046,23,9,4,3,1,0.75,3,8,8,9,9,10,10,1,0,0
f,047,50,0,0,5,5,0.6,0,9,8,12,11,0,0,1,0,0
f,048,17,9,0,1,2,0.3333333333333333,2,4,4,10,8,9,5,1,0,0
f,049,25,4,2,2,3,0.6363636363636364,3,7,6,7,7,6,9,1,0,0
f,050,18,8,4,2,1,0.7,4,7,6,8,7,8,8,1,0,0
f,051,29,11,1,4,2,0.6,2,11,10,13,12,13,12,1,0,0
f,052,39,5,2,6,7,0.9285714285714286,1,12,11,7,6,6,13,1,0,0
f,053,30,10,3,3,4,0.7142857142857143,3,11,10,10,11,11,11,1,0,0
f,054,20,8,5,2,1,0.9,4,9,9,7,7,8,11,1,0,0
f,055,35,6,0,6,6,0.6666666666666666,2,7,9,13,12,15,8,1,0,0
f,056,44,0,2,4,6,1.0909090909090908,0,10,12,6,6,0,3,1,0,0
f,057,27,10,1,3,4,0.4375,2,4,3,11,11,12,4,1,0,0
f,058,19,3,2,3,3,0.875,2,7,7,5,4,3,7,1,0,0
f,059,27,9,4,3,3,0.7692307692307693,3,9,8,9,8,9,10,1,0,0
f,060,24,9,5,2,2,0.6428571428571429,4,6,6,12,12,15,9,1,0,1
f,061,21,12,3,1,1,0.5,4,6,6,10,10,12,9,1,0,1
f,062,26,7,3,2,5,0.6153846153846154,3,7,7,7,9,7,7,1,0,0
f,063,25,9,3,3,2,0.6428571428571429,2,7,5,11,11,13,8,1,0,0
f,064,19,9,0,2,1,0.45454545454545453,3,8,7,11,8,9,8,1,0,0
f,065,40,0,1,5,6,0.5714285714285714,1,7,6,12,9,0,4,1,0,0
f,066,20,8,3,2,2,0.6363636363636364,4,7,6,8,7,8,8,1,0,0
f,067,22,12,5,2,2,0.5714285714285714,4,7,6,11,10,12,8,1,0,0
f,068,23,7,3,2,4,0.7272727272727273,3,7,8,7,6,7,8,1,0,0
f,069,31,4,4,4,5,0.9166666666666666,3,10,9,10,11,10,10,1,0,0
f,070,24,7,2,3,3,0.6666666666666666,3,8,8,9,8,11,10,1,0,0
f,071,43,3,1,9,9,1.0,2,11,12,7,6,6,14,1,0,0
f,072,23,12,4,2,3,0.5714285714285714,3,7,7,10,10,12,8,1,0,0
f,073,33,10,3,4,3,0.5882352941176471,4,8,8,14,14,16,10,1,0,0
f,074,24,7,3,3,3,1.0,3,11,11,5,5,8,14,1,0,1
f,075,26,8,3,3,3,0.75,3,9,7,9,9,10,9,1,0,0
f,076,19,9,0,1,3,0.3076923076923077,2,4,3,11,8,9,4,1,0,0
f,077,22,9,0,3,3,0.38461538461538464,2,5,4,12,10,11,4,1,0,0
f,078,56,0,0,5,8,0.7857142857142857,0,13,13,10,10,0,0,1,0,0
f,079,22,12,2,2,1,0.42857142857142855,3,8,7,14,11,12,8,1,0,0
f,080,22,8,0,3,3,0.38461538461538464,3,5,4,12,10,13,4,1,0,0
f,081,21,7,1,3,3,0.4166666666666667,3,5,3,13,11,12,4,1,0,0
f,082,19,5,1,3,3,0.6,1,5,5,7,7,6,5,1,0,0
f,083,24,6,4,4,3,0.75,4,6,5,10,10,12,7,1,0,0
f,084,26,11,3,2,1,0.6923076923076923,4,12,11,11,10,11,13,1,0,0
f,085,24,9,1,2,1,0.5,3,7,6,14,13,15,7,1,0,0
f,086,36,12,5,3,3,0.7058823529411765,4,14,16,14,14,16,17,1,0,0
f,087,31,8,5,2,4,0.8571428571428571,3,12,10,9,10,10,12,1,0,0
f,088,29,7,6,4,1,1.0,4,9,9,9,9,17,18,1,0,4
f,089,18,7,1,2,3,0.45454545454545453,2,5,4,9,7,9,5,1,0,0
f,090,22,7,2,3,2,0.5833333333333334,4,5,4,10,10,12,5,1,0,0
f,091,32,6,3,4,3,1.0,4,15,15,6,7,7,18,1,0,0
f,092,27,10,2,4,3,0.5714285714285714,3,9,9,11,9,10,10,1,0,0
f,093,51,4,1,10,10,0.8823529411764706,2,13,14,11,10,11,14,1,0,0
f,094,27,8,2,3,4,0.5714285714285714,3,8,6,13,11,13,7,1,0,0
f,095,14,3,0,2,2,0.8333333333333334,3,7,6,5,3,3,7,1,0,0
f,096,25,11,3,3,2,0.6428571428571429,3,10,10,12,10,12,12,1,0,0
f,097,31,6,2,4,4,0.6923076923076923,4,9,8,12,11,12,9,1,0,0
f,098,21,9,5,2,2,0.6666666666666666,4,7,6,9,8,9,8,1,0,0
f,099,25,8,0,4,2,0.6666666666666666,3,11,10,10,8,9,12,1,0,0
g,000,32,3,1,6,6,0.6363636363636364,0,8,8,7,9,8,9,1,1,0
g,001,40,2,0,7,10,0.7692307692307693,0,14,16,9,12,14,21,1,1,1
g,002,33,4,0,7,7,0.5833333333333334,1,7,8,6,8,9,10,1,1,2
g,003,48,3,0,10,9,0.7142857142857143,1,10,12,12,14,14,10,1,1,0
g,004,35,3,0,9,7,0.5833333333333334,0,8,9,12,10,9,10,1,1,0
g,005,32,2,0,5,6,0.5,1,8,9,11,15,15,10,1,1,0
g,006,45,2,0,6,9,0.6,0,11,12,12,13,17,13,1,1,1
g,007,35,6,0,6,8,0.6428571428571429,1,11,12,12,12,15,14,1,1,0
g,008,21,4,0,3,4,0.4,1,5,5,7,9,8,6,1,1,0
g,009,42,2,2,8,9,0.9230769230769231,2,15,15,13,14,19,17,1,0,0
g,010,31,2,0,5,6,0.6363636363636364,1,6,8,9,11,11,8,1,1,0
g,011,33,2,0,7,7,0.5833333333333334,1,6,6,11,11,13,6,1,1,0
g,012,83,0,0,13,12,0.8666666666666667,0,13,13,7,8,0,0,1,1,0
g,013,35,2,0,8,6,0.46153846153846156,1,5,7,11,16,15,6,1,1,0
g,014,39,4,0,9,7,0.5384615384615384,0,8,7,9,11,8,7,1,1,0
g,015,32,2,0,7,6,0.5454545454545454,0,7,7,8,10,9,7,1,1,0
g,016,44,2,0,9,9,0.5625,0,8,8,12,13,20,14,1,1,5
g,017,38,2,0,7,8,0.6666666666666666,1,8,9,6,9,7,9,1,2,0
g,018,36,3,0,6,7,0.5,1,6,9,13,15,18,10,1,1,1
g,019,33,5,0,8,7,0.6153846153846154,1,9,9,10,11,13,15,1,1,4
g,020,41,2,0,10,9,0.7857142857142857,0,11,10,11,10,13,16,1,1,3
g,021,41,2,0,7,9,0.75,1,10,11,6,8,6,11,1,2,0
g,022,22,3,1,3,4,0.5454545454545454,1,4,4,6,10,11,7,1,1,1
g,023,53,3,0,10,9,0.5294117647058824,1,10,11,15,16,16,10,1,1,0
g,024,40,1,0,9,7,0.6666666666666666,0,7,8,5,9,6,7,1,2,0
g,025,27,4,1,7,6,0.6363636363636364,1,6,5,8,8,11,10,1,1,4
g,026,35,5,0,4,8,0.6428571428571429,1,13,14,11,13,16,19,1,1,0
g,027,36,3,0,7,7,0.5833333333333334,0,9,9,7,11,9,9,1,1,0
g,028,83,0,0,14,10,0.7058823529411765,0,10,10,9,10,0,0,1,1,0
g,029,31,4,0,6,7,0.6363636363636364,1,9,9,7,8,5,11,1,1,0
g,030,55,0,0,15,5,0.5333333333333333,0,5,6,11,12,1,0,1,0,0
g,031,19,1,1,3,4,0.7142857142857143,1,6,6,5,6,5,7,1,1,0
g,032,30,6,0,5,5,0.6153846153846154,1,10,11,8,11,11,14,1,0,2
g,033,38,5,0,8,8,0.7142857142857143,1,12,12,13,13,21,19,1,1,4
g,034,30,3,1,6,5,0.5454545454545454,0,6,6,7,10,8,6,1,1,0
g,035,35,3,0,7,6,0.5,1,5,6,10,11,9,4,1,1,0
g,036,44,4,2,8,10,1.0,3,20,22,6,10,9,25,1,0,1
g,037,42,2,1,8,7,0.5333333333333333,0,8,8,11,15,12,11,1,1,0
g,038,35,3,0,7,6,0.46153846153846156,1,5,7,12,13,10,5,1,1,0
g,039,87,0,0,13,10,0.6875,0,14,13,11,13,0,0,1,1,0
g,040,36,5,1,5,9,0.7142857142857143,1,13,14,11,11,16,21,1,1,2
g,041,36,2,0,6,7,0.5833333333333334,0,8,9,11,12,12,10,1,1,0
g,042,59,3,0,10,12,0.8125,0,18,20,13,12,11,19,1,1,0
g,043,32,3,0,5,6,0.42857142857142855,0,6,6,13,15,17,9,1,1,1
g,044,37,2,0,8,7,0.5384615384615384,1,7,8,12,13,13,8,1,1,0
g,045,33,2,0,7,6,0.6363636363636364,0,7,9,10,10,10,7,1,1,0
g,046,39,4,0,6,7,0.5333333333333333,1,7,10,12,13,15,10,1,1,1
g,047,42,6,0,7,7,0.625,0,9,10,13,14,13,10,1,1,0
g,048,44,2,0,9,8,0.6923076923076923,0,10,12,10,11,11,11,1,1,0
g,049,31,3,0,4,7,0.5833333333333334,1,9,10,8,11,14,12,1,1,1
g,050,39,3,0,8,8,0.5333333333333333,1,7,8,10,13,16,13,1,1,3
g,051,38,1,2,7,9,0.8461538461538461,1,12,11,7,10,15,22,1,1,4
g,052,59,4,0,3,13,0.8666666666666667,1,32,33,19,20,20,33,1,1,0
g,053,47,3,0,9,8,0.6,0,8,10,11,12,12,9,1,1,0
g,054,35,2,0,8,7,0.6363636363636364,0,9,9,9,10,10,9,1,1,0
g,055,38,2,0,7,8,0.8,2,12,11,7,9,5,12,1,1,0
g,056,26,4,1,5,5,0.6363636363636364,0,7,7,5,10,10,9,1,1,1
g,057,31,4,1,6,6,0.7272727272727273,0,9,8,7,8,8,9,1,1,0
g,058,32,1,0,6,6,0.5454545454545454,1,4,7,10,9,7,6,1,1,0
g,059,29,2,0,8,4,0.45454545454545453,0,4,4,9,11,8,3,1,1,0
g,060,66,2,0,11,13,0.8125,0,23,25,15,17,15,25,1,1,0
g,061,39,2,1,7,7,0.6666666666666666,0,12,11,9,7,11,16,1,2,1
g,062,20,3,0,3,4,0.5555555555555556,1,6,3,6,8,8,6,1,1,0
g,063,40,3,0,8,9,0.75,1,12,14,6,9,6,15,1,1,0
g,064,72,0,0,11,11,0.7857142857142857,0,11,12,9,11,0,0,1,1,0
g,065,100,0,0,14,11,0.6875,0,15,15,12,16,0,0,1,1,0
g,066,38,5,0,7,8,0.6153846153846154,1,14,14,9,12,10,15,1,1,0
g,067,26,4,2,4,4,0.5,1,6,4,9,11,12,7,1,1,1
g,068,22,3,1,4,4,0.5555555555555556,0,4,6,6,8,8,6,1,1,0
g,069,22,5,1,3,3,0.6363636363636364,1,5,7,7,8,11,11,1,1,1
g,070,40,1,1,7,7,0.7272727272727273,0,12,11,8,5,6,14,1,2,0
g,071,39,2,0,7,9,0.8181818181818182,0,15,15,7,8,7,17,1,1,0
g,072,40,2,0,8,9,0.8181818181818182,1,12,14,6,10,7,13,1,1,0
g,073,45,2,0,8,9,0.7692307692307693,0,11,11,5,7,6,13,1,1,0
g,074,25,4,1,5,6,0.7,3,7,7,7,7,9,10,1,0,2
g,075,22,4,0,5,5,0.5555555555555556,1,6,6,7,8,7,6,1,1,0
g,076,39,2,1,7,8,0.75,1,10,11,7,9,7,10,1,1,0
g,077,38,2,0,7,8,0.6666666666666666,1,9,11,9,12,10,10,1,1,0
g,078,31,4,1,5,7,0.5714285714285714,1,7,7,10,11,16,13,1,1,1
g,079,23,3,0,5,5,0.5,1,6,5,5,9,9,8,1,1,0
g,080,28,5,0,5,5,0.4166666666666667,1,6,7,7,11,9,6,1,1,0
g,081,26,2,0,3,6,0.6,1,10,9,9,12,12,12,1,1,0
g,082,49,3,0,13,8,0.5,0,8,10,16,16,14,10,1,1,0
g,083,38,2,0,7,6,0.5384615384615384,1,8,6,11,10,10,6,1,1,0
g,084,48,0,0,11,6,0.5833333333333334,0,6,5,8,10,1,0,1,1,0
g,085,47,1,0,9,8,0.5333333333333333,1,6,10,14,15,13,7,1,1,0
g,086,40,4,0,7,8,0.6153846153846154,0,12,12,10,11,10,13,1,1,0
g,087,25,2,0,4,5,0.5,0,5,7,8,10,11,7,1,1,1
g,088,37,5,1,7,7,0.5625,0,7,9,13,14,18,13,1,1,1
g,089,61,2,0,10,12,0.75,0,20,20,13,15,14,18,1,1,0
g,090,30,2,1,5,7,1.0,1,9,8,3,5,2,9,1,1,0
g,091,78,0,0,12,9,0.6,0,10,11,8,13,0,0,1,1,0
g,092,50,2,0,11,10,0.7692307692307693,0,12,15,10,11,9,13,1,1,0
g,093,28,3,0,6,5,0.45454545454545453,0,5,6,9,11,10,6,1,1,0
g,094,21,4,0,3,4,0.5,1,6,5,8,9,9,8,1,1,0
g,095,34,4,0,6,7,0.6153846153846154,1,8,10,9,11,15,14,1,1,2
g,096,30,2,0,7,6,0.5454545454545454,1,5,6,7,9,7,7,1,1,0
g,097,18,1,0,4,4,0.8333333333333334,0,5,4,3,3,1,4,1,1,0
g,098,50,3,0,10,10,0.7142857142857143,0,12,13,10,12,11,15,1,2,0
g,099,53,2,1,10,10,0.6875,0,11,14,10,14,13,15,1,1,0
h,000,25,6,2,2,2,0.46153846153846156,3,4,2,17,15,16,2,1,0,0
h,001,28,7,2,4,3,0.5,3,5,2,18,16,17,2,1,0,0
h,002,30,6,3,4,3,0.6428571428571429,3,5,4,17,16,17,3,1,0,0
h,003,32,7,4,6,3,0.6428571428571429,2,6,4,17,17,15,4,1,0,0
h,004,20,7,4,1,2,0.5,3,4,4,15,13,15,4,1,0,0
h,005,37,4,2,7,4,0.7142857142857143,3,5,3,19,17,16,2,1,0,0
h,006,44,0,0,7,4,0.46153846153846156,0,5,4,17,16,0,0,1,0,0
h,007,22,7,2,2,2,0.5,3,4,2,14,12,13,2,1,0,0
h,008,24,6,3,4,3,0.6363636363636364,2,5,3,12,12,10,3,1,0,0
h,009,23,5,1,3,3,0.5454545454545454,3,4,2,14,12,13,1,1,0,0
h,010,35,6,4,5,4,0.7333333333333333,3,7,4,19,17,18,4,1,0,0
h,011,26,5,4,4,2,0.75,2,5,3,15,13,15,4,1,0,0
h,012,28,9,3,2,2,0.375,3,5,3,21,19,20,3,1,0,0
h,013,21,6,3,3,3,0.5454545454545454,3,4,3,14,11,12,3,1,0,0
h,014,20,5,2,1,3,0.5,3,1,2,14,12,16,2,1,0,1
h,015,27,5,5,2,3,0.6923076923076923,3,6,4,17,16,18,5,1,0,0
h,016,29,5,3,5,3,0.6153846153846154,3,5,3,15,14,17,3,1,1,0
h,017,35,7,3,8,4,0.6666666666666666,2,6,3,18,16,15,3,1,0,0
h,018,27,2,1,3,3,0.5454545454545454,2,4,2,14,9,9,2,1,0,0
h,019,24,7,1,3,2,0.42857142857142855,2,3,2,16,15,16,1,1,0,0
h,020,23,7,4,3,2,0.6666666666666666,3,5,4,14,12,13,4,1,0,0
h,021,26,1,4,1,2,1.0,2,4,3,9,8,11,4,1,0,1
h,022,30,6,2,5,4,0.6428571428571429,3,4,4,17,16,17,2,1,0,0
h,023,26,5,2,4,3,0.5833333333333334,3,5,2,16,14,15,2,1,0,0
h,024,26,5,0,4,3,0.38461538461538464,3,2,2,17,13,15,1,1,0,0
h,025,33,5,4,5,4,0.7142857142857143,2,5,4,17,14,15,4,1,0,0
h,026,35,7,3,4,3,0.4444444444444444,3,4,2,25,23,25,3,1,2,0
h,027,19,3,1,1,2,0.5,3,2,2,13,12,15,1,1,0,0
h,028,25,8,3,3,2,0.5,3,4,3,17,15,17,3,1,0,0
h,029,20,3,2,2,2,0.5,3,3,2,15,12,14,2,1,0,0
h,030,28,8,4,3,3,0.4375,3,4,3,20,19,20,4,1,0,0
h,031,28,6,4,4,4,0.6153846153846154,3,6,4,17,16,15,4,1,0,0
h,032,23,6,5,1,2,0.5833333333333334,3,6,5,16,15,16,5,1,0,0
h,033,18,5,4,2,2,0.6,3,4,2,12,11,12,4,1,0,0
h,034,36,5,3,6,4,0.7333333333333333,3,5,3,19,17,18,3,1,0,1
h,035,33,4,2,6,3,0.6923076923076923,3,4,2,18,16,16,2,1,0,0
h,036,20,5,2,2,2,0.6,3,4,2,12,10,11,2,1,0,0
h,037,28,6,4,3,3,0.5714285714285714,3,5,4,18,17,18,4,1,0,0
h,038,33,5,4,3,2,0.6,3,6,4,22,19,21,4,1,0,0
h,039,22,7,2,3,1,0.5833333333333334,3,4,2,14,11,14,2,1,0,0
h,040,31,6,4,6,4,0.6428571428571429,2,5,3,17,15,15,4,1,0,0
h,041,31,5,3,4,4,0.6923076923076923,3,6,3,17,15,15,3,1,0,0
h,042,23,7,2,3,2,0.46153846153846156,3,4,2,16,15,16,2,1,0,0
h,043,17,5,2,2,1,0.6,3,2,2,11,8,12,2,1,0,1
h,044,25,6,3,3,3,0.5833333333333334,3,5,3,15,13,13,3,1,0,0
h,045,19,5,3,2,2,0.6,3,4,3,12,11,12,3,1,0,0
h,046,28,6,1,5,4,0.5384615384615384,3,3,2,13,11,10,1,1,0,0
h,047,24,7,4,2,2,0.5384615384615384,3,5,4,16,15,16,4,1,0,0
h,048,20,6,3,2,2,0.5454545454545454,3,4,3,13,12,13,3,1,0,0
h,049,23,7,2,3,2,0.5833333333333334,2,4,2,13,11,12,2,1,0,0
h,050,22,5,1,4,3,0.6,2,4,2,12,10,10,1,1,0,0
h,051,29,5,5,3,3,0.6923076923076923,3,7,5,18,17,18,5,1,0,0
h,052,26,6,1,3,3,0.46153846153846156,3,4,2,17,15,16,1,1,0,0
h,053,26,5,4,3,1,0.8333333333333334,3,6,4,14,13,15,4,1,0,0
h,054,26,8,2,3,4,0.42857142857142855,3,4,2,17,15,15,2,1,0,0
h,055,16,3,3,2,2,1.0,1,5,3,6,6,6,3,1,0,0
h,056,28,6,3,2,2,0.4666666666666667,3,3,3,20,19,21,3,1,0,0
h,057,32,5,3,5,3,0.5714285714285714,2,6,2,18,17,15,3,1,0,0
h,058,26,6,3,5,2,0.6666666666666666,2,5,3,16,15,16,3,1,0,0
h,059,27,7,4,2,3,0.5333333333333333,3,4,4,19,17,20,4,1,0,0
h,060,24,6,1,2,2,0.38461538461538464,3,3,2,17,15,16,1,1,0,0
h,061,31,5,2,5,4,0.6923076923076923,3,5,2,14,14,12,2,1,0,0
h,062,29,6,4,3,2,0.6428571428571429,3,5,4,18,15,17,4,1,0,0
h,063,30,4,3,5,4,0.75,3,6,3,16,14,14,3,1,0,0
h,064,18,6,2,1,2,0.45454545454545453,3,3,2,13,12,14,2,1,0,0
h,065,17,6,3,1,2,0.5,3,4,3,12,11,12,3,1,0,0
h,066,60,0,0,10,7,0.5333333333333333,0,5,5,21,20,0,0,1,0,0
h,067,29,6,4,5,3,0.5714285714285714,1,4,3,18,16,15,4,1,0,0
h,068,26,7,2,3,2,0.5384615384615384,3,5,2,16,14,15,2,1,0,0
h,069,40,3,5,7,5,1.0,3,8,5,17,15,14,5,1,0,0
h,070,22,6,2,4,3,0.5454545454545454,2,4,3,14,12,12,2,1,0,0
h,071,31,6,5,8,3,0.7142857142857143,2,4,3,21,19,23,5,1,0,1
h,072,25,6,4,2,3,0.6153846153846154,3,5,4,16,15,17,4,1,0,0
h,073,32,6,3,7,4,0.6,3,3,2,18,17,23,4,1,0,0
h,074,20,4,3,2,2,0.6,3,4,3,13,12,13,3,1,0,0
h,075,20,5,2,2,3,0.6,3,4,2,9,9,9,2,1,0,0
h,076,24,6,1,3,2,0.46153846153846156,3,2,2,16,15,17,1,1,0,0
h,077,22,5,2,2,2,0.5454545454545454,3,4,3,14,13,14,2,1,0,0
h,078,27,7,1,4,3,0.35714285714285715,3,4,2,19,17,17,1,1,0,0
h,079,28,9,2,3,3,0.4666666666666667,3,4,2,17,15,15,2,1,0,0
h,080,35,7,1,8,5,0.5333333333333333,2,4,2,20,18,17,1,1,0,0
h,081,24,8,4,2,2,0.4,3,3,3,19,17,19,4,1,0,0
h,082,30,5,4,5,4,0.7857142857142857,1,4,2,14,12,15,4,1,0,2
h,083,26,6,5,2,2,0.4666666666666667,3,3,3,20,18,21,5,1,0,1
h,084,26,6,1,4,4,0.46153846153846156,3,3,2,17,14,15,1,1,0,0
h,085,40,3,6,6,5,0.9285714285714286,2,9,5,19,20,18,6,1,0,0
h,086,24,7,1,2,3,0.35714285714285715,3,3,2,16,15,16,2,1,0,0
h,087,25,5,4,1,2,0.46153846153846156,3,5,4,19,18,19,4,1,0,0
h,088,30,4,3,6,4,0.6666666666666666,2,6,4,15,13,12,4,1,0,0
h,089,24,6,5,4,3,0.6666666666666666,3,5,4,14,12,14,6,1,0,1
h,090,30,5,3,3,3,0.5714285714285714,3,5,3,19,18,19,3,1,0,0
h,091,24,7,2,2,2,0.46153846153846156,3,4,2,16,14,15,2,1,0,0
h,092,34,7,2,8,4,0.6,1,4,3,20,17,18,2,1,0,0
h,093,20,6,4,1,2,0.5454545454545454,3,5,4,14,13,14,4,1,0,0
h,094,56,0,0,9,7,0.5333333333333333,0,5,4,20,17,0,0,1,0,0
h,095,35,6,3,6,4,0.6428571428571429,0,6,3,15,13,12,3,1,0,0
h,096,28,8,5,4,3,0.6,3,5,5,19,16,18,5,1,0,0
h,097,30,6,5,5,3,0.6428571428571429,2,6,5,18,18,17,5,1,0,0
h,098,26,6,2,3,2,0.5384615384615384,3,4,3,16,14,15,2,1,0,0
h,099,28,7,1,5,3,0.5,2,3,2,16,14,14,1,1,0,0
i,000,14,8,0,0,2,0.16666666666666666,2,3,3,10,10,8,0,2,0,0
i,001,30,0,0,2,2,0.2857142857142857,0,6,6,13,13,0,0,2,0,0
i,002,18,0,0,0,2,0.2,0,4,4,9,9,0,0,2,0,0
i,003,11,11,0,0,1,0.07142857142857142,2,2,2,11,11,11,1,2,0,0
i,004,27,0,0,9,3,0.3,0,6,6,9,9,0,0,2,0,0
i,005,8,8,0,0,1,0.1,2,2,2,8,8,8,1,2,0,0
i,006,6,6,0,0,1,0.1,2,2,2,6,6,6,1,2,0,0
i,007,9,9,0,0,1,0.1,2,2,2,9,9,9,1,2,0,0
i,008,11,11,0,0,1,0.08333333333333333,2,2,2,11,11,11,1,2,0,0
i,009,9,9,0,0,1,0.09090909090909091,2,2,2,9,9,9,1,2,0,0
i,010,9,9,0,0,1,0.08333333333333333,2,2,2,9,9,9,1,2,0,0
i,011,6,6,0,0,1,0.1111111111111111,2,2,2,6,6,6,1,2,0,0
i,012,28,0,0,0,2,0.13333333333333333,0,4,4,14,14,0,0,2,0,0
i,013,28,0,0,2,3,0.2857142857142857,0,4,4,11,11,0,0,2,0,0
i,014,10,10,0,0,1,0.08333333333333333,2,2,2,10,10,10,1,2,0,0
i,015,16,12,3,1,1,0.2857142857142857,2,4,5,13,12,12,4,2,0,0
i,016,7,7,0,0,1,0.09090909090909091,2,2,2,7,7,7,1,2,0,0
i,017,16,12,0,0,1,0.13333333333333333,3,3,4,14,13,12,3,2,0,0
i,018,9,9,0,0,1,0.08333333333333333,2,2,2,9,9,9,1,2,0,0
i,019,36,0,0,12,3,0.21428571428571427,0,6,6,12,12,0,0,2,0,0
i,020,9,9,0,0,1,0.1,2,2,2,9,9,9,1,2,0,0
i,021,14,14,0,0,1,0.058823529411764705,4,2,2,14,14,14,0,2,0,0
i,022,11,11,0,0,1,0.07692307692307693,2,2,2,11,11,11,1,2,0,0
i,023,20,8,0,2,2,0.21428571428571427,1,3,4,10,11,8,1,2,0,0
i,024,10,8,1,0,1,0.18181818181818182,1,3,2,9,8,8,2,2,0,0
i,025,14,14,0,0,1,0.06666666666666667,2,2,2,14,14,14,1,2,0,0
i,026,7,7,0,0,1,0.125,4,2,2,7,7,7,0,2,0,0
i,027,8,8,0,0,1,0.08333333333333333,2,2,2,8,8,8,1,2,0,0
i,028,8,8,0,0,1,0.1111111111111111,2,2,2,8,8,8,1,2,0,0
i,029,11,11,0,0,1,0.07692307692307693,2,2,2,11,11,11,1,2,0,0
i,030,10,10,0,0,1,0.07692307692307693,2,2,2,10,10,10,1,2,0,0
i,031,13,13,0,0,1,0.0625,2,2,2,13,13,13,1,2,0,0
i,032,11,9,0,0,2,0.14285714285714285,1,2,2,9,9,9,1,2,0,0
i,033,11,11,0,0,1,0.07142857142857142,2,2,2,11,11,11,1,2,0,0
i,034,9,9,1,0,1,0.18181818181818182,2,2,2,8,8,9,2,2,0,0
i,035,11,9,1,0,1,0.16666666666666666,1,2,3,9,10,9,2,2,0,0
i,036,9,9,0,0,1,0.07692307692307693,2,2,2,9,9,9,1,2,0,0
i,037,13,13,0,0,1,0.07142857142857142,2,2,2,13,13,13,1,2,0,0
i,038,28,0,0,0,2,0.13333333333333333,2,4,4,14,14,0,2,2,0,0
i,039,8,8,0,0,1,0.1111111111111111,4,2,2,8,8,8,0,2,0,0
i,040,12,10,1,0,1,0.15384615384615385,1,3,2,10,11,10,2,2,0,0
i,041,21,0,1,1,2,0.2727272727272727,2,4,5,10,9,0,3,2,0,0
i,042,28,0,0,0,2,0.125,0,4,4,14,14,0,0,2,0,0
i,043,13,7,3,0,2,0.45454545454545453,2,3,3,7,8,9,3,2,0,0
i,044,9,9,0,0,1,0.1,2,2,2,9,9,9,1,2,0,0
i,045,10,10,0,0,1,0.07692307692307693,2,2,2,10,10,10,1,2,0,0
i,046,10,10,0,0,1,0.08333333333333333,2,2,2,10,10,10,1,2,0,0
i,047,9,9,0,0,1,0.1,2,2,2,9,9,9,1,2,0,0
i,048,12,12,0,0,1,0.07142857142857142,4,2,2,12,12,12,0,2,0,0
i,049,39,0,0,13,3,0.2,2,6,6,13,13,0,3,2,0,0
i,050,11,9,0,0,1,0.16666666666666666,1,2,2,9,9,9,1,2,0,0
i,051,18,0,0,0,2,0.18181818181818182,2,4,4,9,9,0,2,2,0,0
i,052,9,9,0,0,1,0.08333333333333333,2,2,2,9,9,9,1,2,0,0
i,053,14,5,1,1,1,0.4,2,3,5,10,8,9,3,2,0,0
i,054,8,8,0,0,1,0.09090909090909091,2,2,2,8,8,8,1,2,0,0
i,055,28,0,0,0,2,0.13333333333333333,0,4,4,14,14,0,0,2,0,0
i,056,11,9,0,0,1,0.15384615384615385,1,2,2,9,9,9,1,2,0,0
i,057,8,8,0,0,1,0.1,2,2,2,8,8,8,1,2,0,0
i,058,13,11,1,0,1,0.14285714285714285,1,2,3,12,11,11,2,2,0,0
i,059,9,7,0,0,1,0.2,1,2,2,7,7,7,1,2,0,0
i,060,11,11,0,0,1,0.07692307692307693,4,2,2,11,11,11,0,2,0,0
i,061,10,10,0,0,1,0.09090909090909091,2,2,2,10,10,10,1,2,0,0
i,062,10,10,0,0,1,0.09090909090909091,2,2,2,10,10,10,1,2,0,0
i,063,24,0,0,0,2,0.14285714285714285,0,4,4,12,12,0,0,2,0,0
i,064,11,9,0,0,2,0.15384615384615385,1,2,2,9,9,9,1,2,0,0
i,065,6,6,0,0,1,0.1111111111111111,2,2,2,6,6,6,1,2,0,0
i,066,22,0,0,0,2,0.15384615384615385,0,4,4,11,11,0,0,2,0,0
i,067,11,11,0,0,1,0.07692307692307693,4,2,2,11,11,11,0,2,0,0
i,068,9,9,0,0,1,0.09090909090909091,2,2,2,9,9,9,1,2,0,0
i,069,10,8,1,0,1,0.18181818181818182,1,2,3,9,8,8,2,2,0,0
i,070,11,7,1,0,1,0.2727272727272727,1,2,3,8,7,7,2,2,0,0
i,071,12,12,0,0,1,0.06666666666666667,4,2,2,12,12,12,0,2,0,0
i,072,15,9,0,0,2,0.14285714285714285,1,2,3,10,10,9,2,2,0,0
i,073,13,13,0,0,1,0.06666666666666667,2,2,2,13,13,13,1,2,0,0
i,074,9,9,0,0,1,0.1,2,2,2,9,9,9,1,2,0,0
i,075,14,11,2,1,1,0.21428571428571427,2,3,4,12,11,11,3,2,0,0
i,076,9,9,0,0,1,0.09090909090909091,2,2,2,9,9,9,1,2,0,0
i,077,10,10,0,0,1,0.08333333333333333,2,2,2,10,10,10,1,2,0,0
i,078,17,3,0,0,2,0.16666666666666666,1,4,3,10,8,3,1,2,0,0
i,079,13,13,0,0,1,0.06666666666666667,2,2,2,13,13,13,1,2,0,0
i,080,13,6,2,1,2,0.2857142857142857,2,3,4,8,7,8,4,2,0,0
i,081,11,11,0,0,1,0.08333333333333333,2,2,2,11,11,11,1,2,0,0
i,082,9,9,0,0,1,0.1,2,2,2,9,9,9,1,2,0,0
i,083,16,0,0,0,2,0.2222222222222222,0,4,4,8,8,0,0,2,0,0
i,084,12,10,0,0,1,0.15384615384615385,3,2,2,10,10,10,0,2,0,0
i,085,9,9,0,0,1,0.09090909090909091,4,2,2,9,9,9,0,2,0,0
i,086,7,7,0,0,1,0.1111111111111111,2,2,2,7,7,7,1,2,0,0
i,087,20,0,0,0,2,0.18181818181818182,0,4,4,10,10,0,0,2,0,0
i,088,13,7,0,0,1,0.23076923076923078,1,4,2,10,7,9,4,2,0,0
i,089,6,6,0,0,1,0.14285714285714285,2,2,2,6,6,6,1,2,0,0
i,090,9,9,0,0,1,0.1,2,2,2,9,9,9,1,2,0,0
i,091,26,0,0,0,2,0.14285714285714285,0,4,4,13,13,0,0,2,0,0
i,092,9,7,0,0,2,0.18181818181818182,2,2,2,7,7,7,1,2,0,0
i,093,7,7,0,0,1,0.1111111111111111,2,2,2,7,7,7,1,2,0,0
i,094,8,8,0,0,2,0.2,2,2,2,7,7,8,1,2,0,0
i,095,11,11,0,0,1,0.15384615384615385,2,2,2,10,10,11,1,2,0,0
i,096,13,11,0,0,2,0.15384615384615385,2,2,2,11,11,11,1,2,0,0
i,097,12,12,0,0,1,0.07142857142857142,2,2,2,12,12,12,1,2,0,0
i,098,12,12,0,0,1,0.07692307692307693,2,2,2,12,12,12,1,2,0,0
i,099,11,11,0,0,1,0.07692307692307693,2,2,2,11,11,11,1,2,0,0
j,000,11,9,0,0,1,0.18181818181818182,1,3,2,8,9,9,3,2,0,0
j,001,12,5,2,1,1,0.45454545454545453,1,3,4,5,6,5,3,2,0,0
j,002,22,6,4,2,2,0.5,2,5,6,14,15,15,5,2,0,0
j,003,21,7,4,3,2,0.6153846153846154,4,4,6,9,9,10,7,2,0,0
j,004,43,0,0,3,4,0.6666666666666666,0,9,9,12,12,0,0,2,0,0
j,005,19,9,1,2,3,0.42857142857142855,1,3,4,10,10,10,2,2,0,0
j,006,22,10,3,2,3,0.5333333333333333,1,4,5,10,11,10,4,2,0,0
j,007,16,9,3,1,1,0.35714285714285715,2,3,3,11,12,14,4,2,0,1
j,008,41,0,0,5,7,0.4666666666666667,0,6,4,13,13,0,0,2,0,0
j,009,16,7,2,1,2,0.38461538461538464,2,3,4,10,11,11,3,2,0,0
j,010,18,7,4,1,2,0.6153846153846154,2,5,6,7,8,7,5,2,0,0
j,011,23,8,2,2,3,0.6428571428571429,1,5,5,9,9,9,3,2,0,0
j,012,34,3,0,7,6,0.4,0,7,8,12,13,9,4,2,0,0
j,013,16,9,2,1,1,0.35714285714285715,2,3,4,9,10,9,3,2,0,0
j,014,24,10,4,3,2,0.5714285714285714,1,4,5,13,14,13,4,1,0,0
j,015,11,8,2,1,1,0.4,2,4,3,7,8,8,3,2,0,0
j,016,12,8,3,1,1,0.4,2,4,5,8,9,8,4,2,0,0
j,017,17,8,2,2,1,0.4166666666666667,1,3,5,11,11,11,3,2,0,0
j,018,19,5,3,1,2,0.42857142857142855,2,4,5,14,13,15,4,2,0,0
j,019,15,9,2,0,2,0.38461538461538464,2,3,2,11,11,15,3,2,0,1
j,020,22,6,1,3,3,0.38461538461538464,2,6,7,11,12,9,4,2,0,0
j,021,15,12,1,1,2,0.25,2,4,4,11,11,12,4,2,0,0
j,022,16,5,1,2,3,0.45454545454545453,2,3,4,9,9,9,2,2,0,0
j,023,12,5,2,1,1,0.5555555555555556,2,3,3,5,6,6,3,2,0,0
j,024,23,7,2,3,3,0.42857142857142855,2,4,5,15,15,15,3,2,0,0
j,025,68,0,0,15,10,0.625,1,10,9,15,12,2,0,2,0,0
j,026,19,6,3,3,2,0.5833333333333334,1,4,5,9,10,9,4,2,0,0
j,027,19,7,3,3,1,0.5833333333333334,1,4,5,10,11,11,4,2,0,0
j,028,18,8,2,2,1,0.46153846153846156,1,3,4,11,12,13,3,2,0,0
j,029,15,9,3,0,1,0.35714285714285715,4,3,2,11,11,15,3,2,0,1
j,030,11,5,3,1,1,0.625,1,4,5,7,6,7,4,2,0,0
j,031,14,9,3,1,2,0.38461538461538464,4,4,4,9,9,11,4,2,0,0
j,032,15,9,5,1,2,0.5384615384615384,2,5,6,8,9,9,6,2,0,0
j,033,26,6,1,4,3,0.5,1,6,6,10,11,8,3,2,0,0
j,034,17,8,1,2,1,0.4166666666666667,1,3,4,10,10,10,2,2,0,0
j,035,14,5,3,1,2,0.5,2,4,6,9,9,9,4,2,0,0
j,036,23,4,2,5,3,0.7272727272727273,1,5,5,6,6,7,6,2,0,0
j,037,41,2,0,5,7,0.6428571428571429,0,7,4,11,12,2,0,1,0,0
j,038,21,9,2,2,3,0.5333333333333333,1,4,5,10,10,11,3,2,0,0
j,039,16,9,3,1,1,0.38461538461538464,3,4,6,11,11,11,3,2,0,0
j,040,17,7,2,2,1,0.5,1,3,4,10,10,11,3,2,0,0
j,041,19,11,3,2,1,0.42857142857142855,1,4,5,11,12,11,4,2,0,0
j,042,36,0,0,3,4,0.42857142857142855,0,6,8,13,13,0,0,2,0,0
j,043,19,6,2,3,2,0.35714285714285715,1,3,4,11,13,12,3,2,0,0
j,044,17,7,2,2,1,0.5,1,3,5,9,9,9,3,2,0,0
j,045,17,8,0,2,2,0.3076923076923077,3,4,5,7,9,9,5,2,0,0
j,046,22,8,4,3,1,0.6153846153846154,1,5,7,12,12,12,5,2,0,0
j,047,15,8,2,2,2,0.38461538461538464,1,3,5,8,8,9,3,2,0,0
j,048,13,6,2,2,1,0.5,1,3,5,7,7,7,3,2,0,0
j,049,17,8,3,3,2,0.5,3,3,5,10,10,10,3,2,0,0
j,050,20,9,4,2,2,0.6153846153846154,2,7,7,8,10,11,8,2,0,0
j,051,19,7,2,2,2,0.5,2,3,5,11,11,11,3,2,0,0
j,052,26,1,2,4,4,0.5833333333333334,1,5,6,10,11,4,2,2,0,0
j,053,19,7,4,2,2,0.6666666666666666,2,5,6,11,10,12,5,2,0,0
j,054,66,0,0,15,11,0.6875,0,9,9,12,12,0,0,2,0,0
j,055,12,6,3,0,2,0.5,2,3,3,7,7,8,4,2,0,0
j,056,14,7,2,1,2,0.4166666666666667,2,3,4,7,8,7,3,2,0,0
j,057,15,8,3,1,1,0.38461538461538464,3,3,4,11,10,11,3,2,0,0
j,058,19,11,1,2,1,0.26666666666666666,3,3,4,14,14,14,1,2,0,0
j,059,20,6,2,2,2,0.46153846153846156,2,3,3,13,13,14,3,2,0,0
j,060,14,9,2,1,1,0.3076923076923077,2,3,4,9,10,9,3,2,0,0
j,061,16,9,2,2,1,0.38461538461538464,1,3,5,10,10,10,3,2,0,0
j,062,15,6,3,1,2,0.4166666666666667,2,4,6,10,10,10,4,2,0,0
j,063,12,7,1,1,2,0.36363636363636365,1,3,4,8,7,9,4,2,0,0
j,064,20,7,3,2,2,0.42857142857142855,2,5,5,13,14,14,4,2,0,0
j,065,18,9,2,2,2,0.42857142857142855,1,4,4,8,9,9,3,2,0,0
j,066,22,8,1,2,2,0.5714285714285714,1,4,4,9,9,9,2,2,0,0
j,067,17,8,3,1,1,0.38461538461538464,2,3,4,12,13,14,4,2,0,1
j,068,12,6,1,0,1,0.36363636363636365,2,3,3,8,9,10,2,2,0,0
j,069,17,5,2,2,2,0.6,2,3,5,9,9,9,3,2,0,0
j,070,8,4,3,0,1,0.5,2,3,3,5,5,6,4,2,0,0
j,071,14,5,3,2,1,0.6,2,4,4,6,7,7,4,2,0,0
j,072,44,0,0,4,5,0.5625,0,7,7,13,13,0,0,2,0,0
j,073,12,7,2,1,1,0.36363636363636365,1,3,4,9,8,9,3,2,0,0
j,074,9,6,2,1,1,0.3,2,3,4,6,7,6,3,2,0,0
j,075,14,6,3,1,2,0.4166666666666667,2,4,5,10,9,10,4,2,0,0
j,076,22,5,2,2,3,0.5384615384615384,2,5,7,11,11,10,4,2,0,0
j,077,16,7,2,2,2,0.4166666666666667,4,3,5,10,10,10,2,2,0,0
j,078,21,7,3,1,4,0.5714285714285714,1,5,5,6,6,7,6,2,0,1
j,079,22,0,1,2,2,0.36363636363636365,2,4,5,8,9,0,3,2,0,0
j,080,17,9,5,2,2,0.5384615384615384,2,4,4,9,9,12,6,2,0,1
j,081,19,5,2,2,2,0.5,2,3,5,11,11,11,3,2,0,0
j,082,14,9,2,1,1,0.3333333333333333,3,3,4,9,10,9,2,2,0,0
j,083,14,8,1,0,1,0.5,1,2,3,6,7,8,2,2,0,0
j,084,14,7,3,1,2,0.5,2,3,4,8,7,11,5,2,0,1
j,085,16,7,2,2,2,0.4166666666666667,0,5,4,7,9,7,4,2,0,0
j,086,32,0,0,4,5,0.5833333333333334,0,6,5,9,9,0,0,2,0,0
j,087,19,5,3,2,3,0.5,2,5,7,10,10,8,3,2,0,0
j,088,19,9,1,1,2,0.35714285714285715,1,4,5,10,13,13,5,2,0,0
j,089,19,8,2,2,2,0.46153846153846156,4,3,5,12,12,13,2,2,0,0
j,090,13,8,2,1,1,0.36363636363636365,1,3,4,10,9,10,3,2,0,0
j,091,20,7,4,2,2,0.5384615384615384,2,5,7,12,12,12,5,2,0,0
j,092,16,6,2,2,1,0.5,1,5,4,7,8,7,3,2,0,0
j,093,13,5,3,1,1,0.5,2,4,5,8,9,9,4,2,0,0
j,094,20,5,6,2,2,0.6666666666666666,2,5,6,12,13,14,7,2,0,1
j,095,19,4,3,3,3,0.6,1,5,6,11,11,10,5,2,0,0
j,096,42,0,1,4,5,0.6428571428571429,0,7,9,10,10,0,2,2,0,0
j,097,14,4,2,1,2,0.4444444444444444,2,3,5,10,10,10,3,2,0,0
j,098,18,9,2,2,1,0.35714285714285715,3,3,5,12,12,12,2,2,0,0
j,099,12,9,2,1,3,0.35714285714285715,2,4,4,6,6,9,6,2,0,1
sad,000,21,1,5,4,3,1.0,2,8,7,6,7,7,7,3,0,0
sad,001,18,1,4,3,3,0.75,2,6,5,6,7,8,6,3,0,1
sad,002,23,3,5,4,4,0.9166666666666666,2,14,12,8,8,4,7,4,0,0
sad,003,14,1,4,3,2,0.8,0,5,4,5,4,6,6,3,0,1
sad,004,48,0,4,5,12,1.1428571428571428,2,22,20,10,10,4,14,4,0,0
sad,005,20,0,4,3,2,1.0,6,10,8,7,7,6,8,4,0,0
sad,006,19,2,4,2,3,0.9,6,10,8,8,8,8,5,4,0,0
sad,007,31,3,1,5,7,0.9090909090909091,3,14,12,10,9,6,5,4,0,0
sad,008,21,1,5,4,2,0.8571428571428571,1,8,8,7,7,10,10,4,0,2
sad,009,90,0,0,14,12,0.7058823529411765,1,22,20,19,19,4,6,4,1,0
sad,010,12,0,4,0,1,0.7,1,4,5,5,5,8,7,3,0,2
sad,011,18,2,2,3,2,0.6666666666666666,2,7,6,8,7,9,7,4,0,2
sad,012,25,1,2,6,5,0.9166666666666666,1,13,10,6,7,4,11,4,0,1
sad,013,31,4,5,5,5,0.9333333333333333,5,11,10,11,12,13,11,4,0,0
sad,014,29,1,5,4,4,0.7857142857142857,8,9,8,18,17,19,7,4,0,0
sad,015,28,6,2,3,5,0.5625,3,7,9,12,13,12,5,4,0,1
sad,016,21,1,6,3,4,1.1,2,13,13,7,7,5,11,4,0,1
sad,017,39,2,3,9,5,1.1538461538461537,2,11,10,10,9,3,5,4,0,0
sad,018,25,2,6,5,2,1.0769230769230769,1,11,10,6,7,6,11,4,0,0
sad,019,24,1,1,4,3,0.9166666666666666,1,7,7,6,6,6,5,4,0,0
sad,020,48,3,0,7,11,0.9333333333333333,2,22,20,8,8,4,16,4,0,0
sad,021,30,1,3,5,7,0.9166666666666666,1,13,12,9,10,4,6,4,0,0
sad,022,35,1,3,6,7,0.9230769230769231,1,14,16,7,8,1,10,4,0,0
sad,023,32,3,6,5,5,1.0714285714285714,3,17,15,9,9,6,11,4,0,0
sad,024,32,3,7,4,4,1.0,7,12,11,15,14,15,9,4,0,0
sad,025,50,4,6,7,9,1.2,0,18,17,9,8,4,7,4,1,0
sad,026,46,0,4,5,10,1.0769230769230769,2,20,18,10,10,4,12,4,0,0
sad,027,20,4,2,4,4,0.8,1,6,7,7,9,7,3,4,0,0
sad,028,19,1,5,2,2,0.8181818181818182,5,6,6,10,10,14,7,4,0,3
sad,029,19,1,4,2,3,0.8333333333333334,4,8,10,9,7,10,9,4,0,2
sad,030,20,1,3,3,3,0.7692307692307693,0,8,7,6,5,5,7,4,0,0
sad,031,19,2,5,2,3,1.0,6,11,9,8,8,8,7,4,0,0
sad,032,20,1,6,3,2,1.0,2,9,9,8,8,11,11,4,0,0
sad,033,47,1,2,12,10,0.9333333333333333,1,16,11,12,12,12,11,4,2,0
sad,034,39,0,5,6,8,1.0833333333333333,0,17,15,9,9,0,9,4,0,0
sad,035,28,3,4,5,5,0.9230769230769231,3,12,11,8,9,5,7,4,0,0
sad,036,20,1,3,4,1,1.0,0,9,9,4,5,4,8,4,0,0
sad,037,25,2,4,5,4,0.9166666666666666,2,11,9,8,8,4,5,4,0,0
sad,038,30,2,6,4,5,1.0833333333333333,7,13,12,15,14,14,9,4,0,0
sad,039,23,3,7,4,3,1.0,4,11,11,10,10,8,8,4,0,1
sad,040,18,1,2,2,3,0.7,6,7,6,12,11,12,4,4,0,0
sad,041,27,2,3,5,6,0.9090909090909091,1,10,10,9,9,9,9,4,2,0
sad,042,34,1,3,6,7,0.9230769230769231,1,14,16,9,9,10,16,4,2,2
sad,043,22,1,3,4,2,0.9166666666666666,4,9,9,7,6,6,6,4,0,0
sad,044,29,5,4,6,5,0.8461538461538461,2,11,10,10,11,7,5,4,0,0
sad,045,20,0,4,2,2,1.0,6,9,10,8,9,10,8,4,0,2
sad,046,18,4,4,2,2,0.75,2,9,9,7,7,6,8,4,0,0
sad,047,30,2,3,4,7,1.0,2,16,15,8,7,4,8,4,0,0
sad,048,59,1,1,9,11,1.2307692307692308,0,15,18,8,8,6,7,4,0,0
sad,049,21,1,2,4,4,0.7272727272727273,0,9,8,9,10,4,4,4,0,0
sad,050,30,7,3,5,6,0.7333333333333333,3,13,11,11,11,8,8,4,0,0
sad,051,26,3,5,4,5,0.8571428571428571,3,10,12,10,7,8,11,4,0,1
sad,052,38,0,2,6,10,1.0,0,20,18,10,10,2,8,4,0,0
sad,053,17,1,3,2,0,1.0,6,11,11,6,6,7,13,4,0,2
sad,054,26,2,2,4,4,0.9166666666666666,4,14,10,8,8,7,9,4,0,0
sad,055,28,2,7,4,5,1.1538461538461537,7,12,11,9,8,14,16,4,0,3
sad,056,27,5,3,5,5,0.7692307692307693,2,11,10,10,9,5,5,4,0,0
sad,057,40,4,7,7,8,0.9375,4,15,14,18,17,14,9,4,0,0
sad,058,25,3,1,4,6,0.8181818181818182,4,10,10,9,9,8,6,4,0,2
sad,059,32,2,6,4,7,0.9285714285714286,4,10,10,15,15,15,9,4,0,2
sad,060,31,2,5,3,7,0.9285714285714286,4,10,10,15,15,18,9,4,0,4
sad,061,33,1,6,6,4,0.9230769230769231,7,9,9,20,20,21,8,4,0,0
sad,062,64,0,0,7,12,1.2307692307692308,2,26,24,15,15,6,0,4,0,0
sad,063,35,0,3,6,6,0.9230769230769231,3,15,13,9,9,3,9,4,0,0
sad,064,29,2,5,5,4,0.7692307692307693,7,9,10,18,19,20,8,4,0,0
sad,065,24,2,6,4,5,1.0909090909090908,4,10,10,8,8,8,10,4,0,2
sad,066,24,3,6,4,5,0.9166666666666666,4,12,12,10,10,8,9,4,0,1
sad,067,25,2,5,5,4,1.0,6,13,11,7,7,5,10,4,0,0
sad,068,47,3,1,7,9,1.0,3,12,13,10,10,4,5,4,0,0
sad,069,19,0,1,3,4,0.8,4,9,9,6,6,6,11,4,0,4
sad,070,25,1,5,1,3,0.7692307692307693,6,11,12,15,14,15,9,4,0,0
sad,071,25,4,2,4,4,0.7142857142857143,1,7,6,8,7,7,5,4,0,0
sad,072,27,0,1,5,7,0.6666666666666666,1,11,14,7,8,2,5,4,0,0
sad,073,26,1,3,5,5,0.7857142857142857,6,12,10,9,9,7,10,4,0,0
sad,074,16,2,5,2,2,0.75,5,8,9,7,6,9,11,4,0,2
sad,075,25,3,4,4,5,1.0,4,9,9,12,12,9,6,4,0,2
sad,076,40,0,0,7,8,0.7692307692307693,1,12,12,11,12,3,2,4,0,0
sad,077,23,2,5,4,5,0.8333333333333334,4,10,10,9,9,6,9,4,0,2
sad,078,26,1,5,6,2,1.0,0,9,10,5,7,6,9,4,0,0
sad,079,33,0,3,6,6,1.0,0,13,11,8,8,2,5,4,0,0
sad,080,30,0,4,5,4,1.0769230769230769,2,16,14,7,7,2,10,4,0,0
sad,081,25,3,5,4,5,0.9166666666666666,4,12,12,10,10,8,8,4,0,1
sad,082,20,2,4,1,3,0.7272727272727273,8,9,8,14,13,14,5,4,0,0
sad,083,32,3,5,4,6,0.9333333333333333,6,11,11,13,11,12,8,4,0,0
sad,084,25,0,3,4,4,0.7857142857142857,1,9,8,9,8,8,7,4,0,1
sad,085,10,1,2,1,2,0.8333333333333334,0,8,6,5,5,5,6,4,0,0
sad,086,33,1,3,4,5,0.6666666666666666,5,10,9,17,17,15,4,4,0,0
sad,087,22,1,6,3,4,1.0,6,9,8,9,10,11,7,3,0,0
sad,088,30,2,4,6,6,1.0,3,12,11,11,10,8,8,4,0,1
sad,089,21,2,5,1,3,0.8333333333333334,8,10,9,11,12,14,7,4,0,1
sad,090,43,2,4,7,9,1.0,6,10,9,6,7,23,23,4,4,1
sad,091,34,1,3,5,5,0.7857142857142857,8,9,7,19,19,19,5,4,0,0
sad,092,49,4,5,7,10,1.125,2,17,14,11,10,9,8,4,1,0
sad,093,16,1,6,1,2,1.1111111111111112,6,10,9,6,7,9,10,4,0,1
sad,094,29,3,4,6,6,0.9230769230769231,3,13,12,9,10,5,7,4,0,0
sad,095,20,1,3,4,3,0.8888888888888888,1,11,9,8,8,4,5,4,0,0
sad,096,19,2,7,2,2,1.0909090909090908,4,11,11,7,7,9,11,4,0,1
sad,097,25,2,4,3,5,0.9166666666666666,8,10,9,12,13,13,7,4,0,0
sad,098,23,2,3,5,5,0.75,3,10,9,9,8,6,5,4,0,0
sad,099,28,3,8,4,5,1.0833333333333333,4,12,12,10,10,9,13,4,0,4
smiley,000,68,3,1,8,11,1.0714285714285714,4,18,20,13,13,7,11,4,0,0
smiley,001,41,0,0,7,9,0.9090909090909091,2,15,16,14,13,7,8,4,0,2
smiley,002,30,2,4,4,5,1.0,2,9,9,8,8,7,7,4,0,0
smiley,003,30,5,4,5,7,0.9230769230769231,3,14,15,9,10,7,10,4,0,1
smiley,004,35,1,6,8,7,1.0769230769230769,3,12,13,12,13,6,10,4,0,0
smiley,005,25,4,11,3,2,1.7,2,15,17,7,7,8,16,4,0,0
smiley,006,12,0,6,1,0,1.125,2,6,6,4,4,8,10,3,0,3
smiley,007,22,2,5,3,3,1.0909090909090908,2,10,12,7,7,7,10,4,0,0
smiley,008,31,1,2,5,7,0.9090909090909091,0,15,16,9,8,5,13,4,2,0
smiley,009,25,4,3,5,2,1.0909090909090908,2,9,11,9,9,5,4,4,0,0
smiley,010,29,0,5,4,2,1.7777777777777777,0,11,13,7,7,7,11,4,0,0
smiley,011,22,2,9,1,3,1.0909090909090908,8,13,13,11,11,12,12,4,0,0
smiley,012,33,0,4,8,5,1.2,2,12,11,9,10,2,8,4,0,0
smiley,013,25,2,4,2,3,0.9090909090909091,8,7,9,14,14,17,5,4,0,1
smiley,014,33,0,4,8,7,1.2,1,13,14,10,9,3,9,4,0,1
smiley,015,32,0,2,6,7,1.0909090909090908,1,11,13,9,9,3,5,4,0,0
smiley,016,39,5,5,5,8,1.0,2,15,18,10,11,8,10,4,0,0
smiley,017,27,3,4,5,6,1.0,3,11,12,10,11,9,9,4,0,1
smiley,018,57,2,1,8,11,0.9230769230769231,2,15,20,14,12,7,11,4,0,1
smiley,019,23,2,5,5,2,1.5,3,9,8,7,8,7,5,4,0,0
smiley,020,34,0,2,6,6,1.0,2,16,14,9,9,0,6,4,0,0
smiley,021,27,1,4,6,5,1.0833333333333333,3,14,15,7,7,2,13,4,0,0
smiley,022,31,0,4,4,7,1.0,2,13,12,11,12,7,6,4,0,1
smiley,023,40,1,5,7,7,1.1818181818181819,3,13,13,12,12,8,10,4,0,2
smiley,024,35,0,5,7,6,1.1666666666666667,0,15,16,10,11,1,11,4,0,0
smiley,025,33,0,0,7,7,0.9090909090909091,0,7,7,8,8,12,7,4,2,0
smiley,026,35,1,1,6,7,0.9090909090909091,0,11,13,11,11,1,3,4,0,0
smiley,027,30,1,6,5,4,1.6,3,12,13,8,7,7,12,4,0,0
smiley,028,10,1,2,1,2,0.8333333333333334,0,6,8,5,5,5,6,4,0,0
smiley,029,37,1,4,4,5,0.8,8,10,11,22,21,22,8,4,0,0
smiley,030,42,2,3,9,9,0.9333333333333333,1,11,14,12,15,10,9,4,0,0
smiley,031,27,3,9,5,5,1.25,4,13,13,9,9,8,14,4,0,1
smiley,032,36,2,3,4,7,1.0,2,8,7,6,6,8,8,4,0,4
smiley,033,26,4,7,4,5,1.0909090909090908,4,12,13,10,11,9,10,4,0,1
smiley,034,37,3,5,7,7,1.1666666666666667,3,13,15,12,12,8,7,4,0,0
smiley,035,30,2,3,4,5,1.0833333333333333,3,13,14,8,9,4,8,4,0,0
smiley,036,29,2,7,4,3,1.0833333333333333,6,10,10,16,16,18,11,4,0,1
smiley,037,34,5,4,6,5,1.0,3,13,13,13,13,8,8,4,0,0
smiley,038,17,2,4,3,3,1.125,2,9,8,8,7,8,8,4,0,0
smiley,039,38,2,7,7,6,1.1538461538461537,2,13,14,12,14,8,10,3,0,0
smiley,040,36,0,3,6,3,1.6,2,12,13,5,4,5,14,4,0,0
smiley,041,20,2,7,2,3,0.9230769230769231,8,11,11,9,9,10,10,4,0,0
smiley,042,24,2,5,4,5,1.2222222222222223,3,13,14,9,8,5,8,4,0,0
smiley,043,71,1,3,13,13,1.125,3,17,15,17,19,12,8,4,2,0
smiley,044,29,0,3,5,5,1.0,1,12,15,7,7,2,10,4,0,0
smiley,045,32,2,9,2,4,1.0666666666666667,5,15,18,12,13,12,13,4,0,0
smiley,046,25,4,8,2,4,1.1666666666666667,8,9,8,10,10,17,13,4,0,4
smiley,047,34,1,7,5,5,1.0714285714285714,8,9,9,17,17,24,13,4,0,3
smiley,048,21,3,5,4,2,1.2,3,7,8,6,7,7,6,3,0,0
smiley,049,31,0,3,8,6,0.8461538461538461,1,10,10,12,10,4,7,4,0,0
smiley,050,33,4,6,7,5,0.8571428571428571,4,10,10,14,12,7,9,4,0,1
smiley,051,25,3,5,5,5,1.0909090909090908,3,10,10,9,9,9,10,4,0,3
smiley,052,32,0,4,5,8,1.0909090909090908,2,12,14,10,10,4,6,4,0,0
smiley,053,49,1,2,9,9,0.8571428571428571,1,12,18,13,13,3,6,4,0,0
smiley,054,41,3,0,6,9,0.9230769230769231,4,10,14,15,13,12,4,4,0,0
smiley,055,29,1,6,5,5,1.1818181818181819,4,11,11,11,11,10,11,4,0,3
smiley,056,34,2,3,6,7,1.0,3,12,14,13,13,9,7,4,0,0
smiley,057,26,0,6,2,4,1.0,2,10,10,5,5,10,16,4,0,4
smiley,058,22,1,1,4,3,0.9090909090909091,6,10,12,8,8,6,12,4,0,0
smiley,059,20,2,2,3,2,0.8,4,6,7,9,8,8,4,4,0,0
smiley,060,37,0,4,7,7,1.0,1,12,14,12,10,4,10,4,0,1
smiley,061,30,2,2,6,8,1.0,1,13,16,10,9,4,8,4,0,0
smiley,062,45,0,2,10,10,0.875,8,8,9,21,22,32,10,4,0,2
smiley,063,30,0,8,5,5,1.2727272727272727,7,10,9,16,17,21,11,4,0,3
smiley,064,33,2,6,8,5,1.0833333333333333,3,10,11,14,13,10,7,4,0,1
smiley,065,33,0,2,6,6,0.9090909090909091,1,10,12,13,13,7,4,4,0,0
smiley,066,37,6,6,5,5,0.9375,8,10,12,16,16,16,7,4,0,0
smiley,067,37,0,4,5,6,0.9230769230769231,5,10,11,17,18,14,6,4,0,0
smiley,068,33,0,3,6,7,1.2727272727272727,2,17,18,8,7,2,12,4,0,0
smiley,069,22,2,4,3,2,0.9230769230769231,2,8,9,6,7,8,9,4,0,1
smiley,070,32,0,7,6,5,1.25,5,10,12,13,13,13,10,4,0,0
smiley,071,66,1,2,10,10,0.9230769230769231,4,14,14,16,14,5,7,4,0,0
smiley,072,28,2,4,4,5,1.1818181818181819,6,13,14,11,11,13,14,4,0,1
smiley,073,25,2,3,4,6,1.0,4,11,11,11,11,9,6,4,0,0
smiley,074,64,0,2,9,10,1.3076923076923077,0,18,16,13,11,5,6,4,2,0
smiley,075,37,4,7,7,6,1.0714285714285714,4,12,14,18,18,18,11,4,0,0
smiley,076,21,3,4,3,5,0.8181818181818182,4,11,11,9,9,7,7,4,0,0
smiley,077,60,0,2,10,10,1.0714285714285714,2,14,16,15,15,5,4,4,0,0
smiley,078,17,1,7,3,0,1.5,1,9,9,4,3,4,11,3,0,0
smiley,079,22,1,5,4,4,0.9166666666666666,1,10,9,7,8,7,10,4,0,0
smiley,080,32,0,4,5,6,1.0,1,12,14,12,12,7,7,4,0,0
smiley,081,22,2,7,3,1,1.2727272727272727,0,12,14,5,5,5,12,4,0,0
smiley,082,15,1,5,3,2,1.0,1,7,9,5,5,5,8,3,0,0
smiley,083,56,0,1,10,9,0.8571428571428571,3,10,12,16,16,8,2,4,0,0
smiley,084,37,2,3,8,7,1.0769230769230769,3,10,11,16,13,13,8,4,0,1
smiley,085,22,1,5,4,3,1.0909090909090908,5,11,12,5,6,4,14,4,0,2
smiley,086,23,0,4,4,3,1.2222222222222223,2,7,9,8,8,8,7,3,0,0
smiley,087,26,4,5,1,5,0.7692307692307693,8,9,9,17,17,20,8,4,0,2
smiley,088,27,2,5,4,6,1.0909090909090908,2,13,14,10,9,7,11,4,0,1
smiley,089,35,1,3,5,6,1.0,0,15,18,8,9,3,12,4,0,0
smiley,090,33,3,6,6,7,1.1538461538461537,3,14,13,11,12,8,10,4,0,0
smiley,091,25,3,7,5,5,1.0909090909090908,3,11,12,8,9,6,10,4,0,1
smiley,092,22,2,2,5,3,0.9090909090909091,2,9,10,8,7,3,4,4,0,0
smiley,093,25,1,5,3,2,1.0909090909090908,4,9,11,9,9,9,7,4,0,0
smiley,094,19,1,5,2,3,1.0,4,8,8,10,10,14,10,4,0,3
smiley,095,39,1,6,6,7,1.0833333333333333,3,13,14,13,14,11,9,4,0,2
smiley,096,43,1,4,7,8,1.1666666666666667,1,16,19,11,10,3,9,4,0,0
smiley,097,14,1,4,2,2,0.8,1,8,7,7,6,8,9,4,0,1
smiley,098,27,5,7,3,5,0.9285714285714286,5,12,13,12,11,12,12,4,0,0
smiley,099,30,1,0,6,7,0.8333333333333334,0,9,9,7,7,15,12,4,2,0
xclaim,000,30,0,0,0,2,0.125,0,4,4,15,15,0,0,2,0,0
xclaim,001,51,0,0,17,3,0.16666666666666666,0,6,6,17,17,0,0,2,0,0
xclaim,002,8,8,0,0,1,0.1,2,2,2,8,8,8,1,2,0,0
xclaim,003,20,0,0,0,2,0.15384615384615385,0,4,4,10,10,0,0,2,0,0
xclaim,004,12,12,0,0,1,0.07692307692307693,4,2,2,12,12,12,0,2,0,0
xclaim,005,45,0,0,15,3,0.17647058823529413,0,6,6,15,15,0,0,2,0,0
xclaim,006,22,0,0,0,2,0.16666666666666666,0,4,4,11,11,0,0,2,0,0
xclaim,007,10,10,0,0,1,0.07692307692307693,2,2,2,10,10,10,1,2,0,0
xclaim,008,9,9,0,0,1,0.09090909090909091,2,2,2,9,9,9,1,2,0,0
xclaim,009,27,0,0,9,3,0.3,0,6,6,9,9,0,0,2,0,0
xclaim,010,8,8,0,0,1,0.1,2,2,2,8,8,8,1,2,0,0
xclaim,011,8,8,0,0,1,0.08333333333333333,2,2,2,8,8,8,1,2,0,0
xclaim,012,12,12,0,0,1,0.07142857142857142,2,2,2,12,12,12,1,2,0,0
xclaim,013,10,8,0,0,2,0.15384615384615385,2,2,2,8,8,8,1,2,0,0
xclaim,014,12,12,0,0,1,0.06666666666666667,2,2,2,12,12,12,1,2,0,0
xclaim,015,22,0,0,0,2,0.15384615384615385,0,4,4,11,11,0,0,2,0,0
xclaim,016,28,0,0,0,2,0.13333333333333333,0,4,4,14,14,0,0,2,0,0
xclaim,017,21,3,0,0,2,0.23076923076923078,1,3,4,12,11,3,0,2,0,0
xclaim,018,11,7,1,0,2,0.23076923076923078,1,2,3,8,7,7,2,2,0,0
xclaim,019,26,0,0,0,2,0.14285714285714285,0,4,4,13,13,0,0,2,0,0
xclaim,020,22,0,0,0,2,0.16666666666666666,0,4,4,11,11,0,0,2,0,0
xclaim,021,20,0,0,0,2,0.18181818181818182,0,4,4,10,10,0,0,2,0,0
xclaim,022,8,8,0,0,1,0.09090909090909091,2,2,2,8,8,8,1,2,0,0
xclaim,023,12,12,0,0,1,0.07692307692307693,4,2,2,12,12,12,0,2,0,0
xclaim,024,10,10,0,0,1,0.07692307692307693,2,2,2,10,10,10,1,2,0,0
xclaim,025,9,9,0,0,1,0.07692307692307693,2,2,2,9,9,9,1,2,0,0
xclaim,026,14,12,0,0,1,0.14285714285714285,1,2,2,12,12,12,1,2,0,0
xclaim,027,22,0,0,0,2,0.15384615384615385,0,4,4,11,11,0,0,2,0,0
xclaim,028,9,9,1,0,1,0.16666666666666666,2,2,2,9,9,9,1,2,0,0
xclaim,029,10,10,0,0,1,0.07142857142857142,2,2,2,10,10,10,1,2,0,0
xclaim,030,54,0,0,15,4,0.25,0,7,8,13,14,0,0,2,0,0
xclaim,031,13,13,0,0,1,0.06666666666666667,2,2,2,13,13,13,1,2,0,0
xclaim,032,10,10,0,0,1,0.08333333333333333,2,2,2,10,10,10,1,2,0,0
xclaim,033,22,0,0,0,2,0.16666666666666666,0,4,4,11,11,0,0,2,0,0
xclaim,034,13,13,0,0,1,0.06666666666666667,2,2,2,13,13,13,1,2,0,0
xclaim,035,12,12,0,0,1,0.07142857142857142,2,2,2,12,12,12,1,2,0,0
xclaim,036,33,0,0,11,3,0.23076923076923078,0,6,6,11,11,0,0,2,0,0
xclaim,037,34,0,0,11,3,0.2857142857142857,0,6,6,10,10,0,0,2,0,0
xclaim,038,26,0,0,0,2,0.14285714285714285,0,4,4,13,13,0,0,2,0,0
xclaim,039,21,1,0,0,2,0.16666666666666666,0,4,3,11,10,1,0,2,0,0
xclaim,040,10,10,0,0,1,0.07692307692307693,2,2,2,10,10,10,1,2,0,0
xclaim,041,16,0,0,0,2,0.2,0,4,4,8,8,0,0,2,0,0
xclaim,042,25,1,0,8,3,0.3,0,6,4,8,8,1,0,2,0,0
xclaim,043,22,0,0,0,2,0.16666666666666666,0,4,4,11,11,0,0,2,0,0
xclaim,044,16,0,0,0,2,0.2,0,4,4,8,8,0,0,2,0,0
xclaim,045,13,13,0,0,1,0.07142857142857142,2,2,2,13,13,13,1,2,0,0
xclaim,046,39,0,0,13,3,0.21428571428571427,0,6,6,13,13,0,0,2,0,0
xclaim,047,11,11,0,0,1,0.07692307692307693,2,2,2,11,11,11,1,2,0,0
xclaim,048,24,0,0,0,2,0.15384615384615385,0,4,4,12,12,0,0,2,0,0
xclaim,049,5,5,0,0,1,0.16666666666666666,2,2,2,5,5,5,1,2,0,0
xclaim,050,33,0,0,11,3,0.23076923076923078,0,6,6,11,11,0,0,2,0,0
xclaim,051,9,9,0,0,1,0.1,2,2,2,9,9,9,1,2,0,0
xclaim,052,13,11,0,0,2,0.14285714285714285,2,2,2,11,11,11,1,2,0,0
xclaim,053,10,10,0,0,1,0.08333333333333333,2,2,2,10,10,10,1,2,0,0
xclaim,054,71,0,0,15,5,0.2777777777777778,0,8,8,13,13,0,2,2,0,0
xclaim,055,11,11,0,0,1,0.07692307692307693,2,2,2,11,11,11,1,2,0,0
xclaim,056,20,2,0,0,2,0.16666666666666666,0,3,3,9,11,2,1,2,0,0
xclaim,057,10,10,0,0,1,0.08333333333333333,2,2,2,10,10,10,1,2,0,0
xclaim,058,10,10,0,0,1,0.07692307692307693,2,2,2,10,10,10,1,2,0,0
xclaim,059,19,1,0,0,2,0.16666666666666666,0,4,3,10,9,1,0,2,0,0
xclaim,060,30,0,1,0,2,0.1875,0,4,4,14,14,0,1,2,0,0
xclaim,061,39,0,0,12,4,0.2857142857142857,0,6,6,10,12,0,0,2,0,0
xclaim,062,32,2,0,0,2,0.1111111111111111,0,3,3,15,17,2,0,2,0,0
xclaim,063,9,9,0,0,1,0.08333333333333333,2,2,2,9,9,9,1,2,0,0
xclaim,064,10,10,1,0,1,0.14285714285714285,2,2,2,10,10,10,1,2,0,0
xclaim,065,11,11,0,0,1,0.07692307692307693,4,2,2,11,11,11,0,2,0,0
xclaim,066,12,12,0,0,1,0.07692307692307693,2,2,2,12,12,12,1,2,0,0
xclaim,067,10,10,0,0,1,0.08333333333333333,2,2,2,10,10,10,1,2,0,0
xclaim,068,58,0,0,15,4,0.25,0,7,7,14,14,0,0,2,0,0
xclaim,069,22,0,0,0,2,0.16666666666666666,0,4,4,11,11,0,0,2,0,0
xclaim,070,11,7,0,0,2,0.18181818181818182,4,3,3,8,7,7,3,2,0,0
xclaim,071,11,9,0,0,2,0.16666666666666666,2,2,2,9,9,9,1,2,0,0
xclaim,072,10,10,0,0,1,0.08333333333333333,2,2,2,10,10,10,1,2,0,0
xclaim,073,39,0,0,13,3,0.21428571428571427,0,6,6,13,13,0,0,2,0,0
xclaim,074,14,14,0,0,1,0.06666666666666667,4,2,2,14,14,14,0,2,0,0
xclaim,075,13,7,0,0,2,0.15384615384615385,3,3,3,8,8,7,2,2,0,0
xclaim,076,16,13,2,1,1,0.2,2,2,2,12,12,13,2,2,0,0
xclaim,077,39,0,0,13,3,0.21428571428571427,0,6,6,13,13,0,0,2,0,0
xclaim,078,36,0,0,12,3,0.21428571428571427,0,6,6,12,12,0,0,2,0,0
xclaim,079,36,0,0,12,3,0.23076923076923078,0,6,6,12,12,0,0,2,0,0
xclaim,080,11,11,0,0,1,0.08333333333333333,2,2,2,11,11,11,1,2,0,0
xclaim,081,11,11,0,0,1,0.08333333333333333,2,2,2,11,11,11,1,2,0,0
xclaim,082,9,9,0,0,1,0.09090909090909091,2,2,2,9,9,9,1,2,0,0
xclaim,083,44,0,0,9,4,0.2857142857142857,0,4,4,9,9,0,2,2,0,0
xclaim,084,12,12,0,0,1,0.07692307692307693,2,2,2,12,12,12,1,2,0,0
xclaim,085,35,1,0,4,3,0.17647058823529413,0,3,4,15,14,1,0,2,0,0
xclaim,086,37,0,0,11,3,0.2,0,5,6,13,12,0,0,2,0,0
xclaim,087,18,0,0,0,2,0.2,0,4,4,9,9,0,0,2,0,0
xclaim,088,14,0,0,0,2,0.2,0,4,4,7,7,0,0,2,0,0
xclaim,089,18,0,0,0,2,0.18181818181818182,0,4,4,9,9,0,0,2,0,0
xclaim,090,9,9,1,0,1,0.18181818181818182,2,2,2,9,9,9,1,2,0,0
xclaim,091,24,0,0,4,3,0.2727272727272727,0,6,6,13,13,12,4,2,2,0
xclaim,092,33,0,0,11,3,0.23076923076923078,0,6,6,11,11,0,0,2,0,0
xclaim,093,11,11,0,0,1,0.07142857142857142,2,2,2,11,11,11,1,2,0,0
xclaim,094,36,0,0,12,3,0.23076923076923078,0,6,6,12,12,0,0,2,0,0
xclaim,095,12,12,0,0,1,0.07142857142857142,2,2,2,12,12,12,1,2,0,0
xclaim,096,20,0,0,0,2,0.16666666666666666,0,4,4,10,10,0,0,2,0,0
xclaim,097,17,9,0,0,2,0.2857142857142857,1,3,3,11,11,9,0,2,0,0
xclaim,098,15,1,0,0,2,0.2222222222222222,0,3,4,8,7,1,1,2,0,0
xclaim,099,18,0,0,0,2,0.18181818181818182,0,4,4,9,9,0,0,2,0,0
